Date,YYYYMM,co2_value,Description,Unit
1/1/00,199913,1196.935,"Natural Gas, Excluding Supplemental Gaseous Fuels, CO2 Emissions",Million Metric Tons of Carbon Dioxide
1/1/00,200001,135.679,"Natural Gas, Excluding Supplemental Gaseous Fuels, CO2 Emissions",Million Metric Tons of Carbon Dioxide
2/1/00,200002,125.332,"Natural Gas, Excluding Supplemental Gaseous Fuels, CO2 Emissions",Million Metric Tons of Carbon Dioxide
3/1/00,200003,111.522,"Natural Gas, Excluding Supplemental Gaseous Fuels, CO2 Emissions",Million Metric Tons of Carbon Dioxide
4/1/00,200004,97.555,"Natural Gas, Excluding Supplemental Gaseous Fuels, CO2 Emissions",Million Metric Tons of Carbon Dioxide
5/1/00,200005,92.601,"Natural Gas, Excluding Supplemental Gaseous Fuels, CO2 Emissions",Million Metric Tons of Carbon Dioxide
6/1/00,200006,86.098,"Natural Gas, Excluding Supplemental Gaseous Fuels, CO2 Emissions",Million Metric Tons of Carbon Dioxide
7/1/00,200007,89.061,"Natural Gas, Excluding Supplemental Gaseous Fuels, CO2 Emissions",Million Metric Tons of Carbon Dioxide
8/1/00,200008,96.637,"Natural Gas, Excluding Supplemental Gaseous Fuels, CO2 Emissions",Million Metric Tons of Carbon Dioxide
9/1/00,200009,83.199,"Natural Gas, Excluding Supplemental Gaseous Fuels, CO2 Emissions",Million Metric Tons of Carbon Dioxide
10/1/00,200010,85.645,"Natural Gas, Excluding Supplemental Gaseous Fuels, CO2 Emissions",Million Metric Tons of Carbon Dioxide
11/1/00,200011,102.928,"Natural Gas, Excluding Supplemental Gaseous Fuels, CO2 Emissions",Million Metric Tons of Carbon Dioxide
12/1/00,200012,139.793,"Natural Gas, Excluding Supplemental Gaseous Fuels, CO2 Emissions",Million Metric Tons of Carbon Dioxide
1/1/01,200013,1246.05,"Natural Gas, Excluding Supplemental Gaseous Fuels, CO2 Emissions",Million Metric Tons of Carbon Dioxide
1/1/01,200101,143.993,"Natural Gas, Excluding Supplemental Gaseous Fuels, CO2 Emissions",Million Metric Tons of Carbon Dioxide
2/1/01,200102,124.114,"Natural Gas, Excluding Supplemental Gaseous Fuels, CO2 Emissions",Million Metric Tons of Carbon Dioxide
3/1/01,200103,120.602,"Natural Gas, Excluding Supplemental Gaseous Fuels, CO2 Emissions",Million Metric Tons of Carbon Dioxide
4/1/01,200104,96.802,"Natural Gas, Excluding Supplemental Gaseous Fuels, CO2 Emissions",Million Metric Tons of Carbon Dioxide
5/1/01,200105,81.4,"Natural Gas, Excluding Supplemental Gaseous Fuels, CO2 Emissions",Million Metric Tons of Carbon Dioxide
6/1/01,200106,77.275,"Natural Gas, Excluding Supplemental Gaseous Fuels, CO2 Emissions",Million Metric Tons of Carbon Dioxide
7/1/01,200107,85.47,"Natural Gas, Excluding Supplemental Gaseous Fuels, CO2 Emissions",Million Metric Tons of Carbon Dioxide
8/1/01,200108,89.357,"Natural Gas, Excluding Supplemental Gaseous Fuels, CO2 Emissions",Million Metric Tons of Carbon Dioxide
9/1/01,200109,79.835,"Natural Gas, Excluding Supplemental Gaseous Fuels, CO2 Emissions",Million Metric Tons of Carbon Dioxide
10/1/01,200110,88.176,"Natural Gas, Excluding Supplemental Gaseous Fuels, CO2 Emissions",Million Metric Tons of Carbon Dioxide
11/1/01,200111,90.972,"Natural Gas, Excluding Supplemental Gaseous Fuels, CO2 Emissions",Million Metric Tons of Carbon Dioxide
12/1/01,200112,113.764,"Natural Gas, Excluding Supplemental Gaseous Fuels, CO2 Emissions",Million Metric Tons of Carbon Dioxide
1/1/02,200113,1191.76,"Natural Gas, Excluding Supplemental Gaseous Fuels, CO2 Emissions",Million Metric Tons of Carbon Dioxide
1/1/02,200201,133.439,"Natural Gas, Excluding Supplemental Gaseous Fuels, CO2 Emissions",Million Metric Tons of Carbon Dioxide
2/1/02,200202,120.24,"Natural Gas, Excluding Supplemental Gaseous Fuels, CO2 Emissions",Million Metric Tons of Carbon Dioxide
3/1/02,200203,121.003,"Natural Gas, Excluding Supplemental Gaseous Fuels, CO2 Emissions",Million Metric Tons of Carbon Dioxide
4/1/02,200204,100.569,"Natural Gas, Excluding Supplemental Gaseous Fuels, CO2 Emissions",Million Metric Tons of Carbon Dioxide
5/1/02,200205,86.016,"Natural Gas, Excluding Supplemental Gaseous Fuels, CO2 Emissions",Million Metric Tons of Carbon Dioxide
6/1/02,200206,84.928,"Natural Gas, Excluding Supplemental Gaseous Fuels, CO2 Emissions",Million Metric Tons of Carbon Dioxide
7/1/02,200207,93.334,"Natural Gas, Excluding Supplemental Gaseous Fuels, CO2 Emissions",Million Metric Tons of Carbon Dioxide
8/1/02,200208,92.1,"Natural Gas, Excluding Supplemental Gaseous Fuels, CO2 Emissions",Million Metric Tons of Carbon Dioxide
9/1/02,200209,82.275,"Natural Gas, Excluding Supplemental Gaseous Fuels, CO2 Emissions",Million Metric Tons of Carbon Dioxide
10/1/02,200210,87.782,"Natural Gas, Excluding Supplemental Gaseous Fuels, CO2 Emissions",Million Metric Tons of Carbon Dioxide
11/1/02,200211,102.311,"Natural Gas, Excluding Supplemental Gaseous Fuels, CO2 Emissions",Million Metric Tons of Carbon Dioxide
12/1/02,200212,127.529,"Natural Gas, Excluding Supplemental Gaseous Fuels, CO2 Emissions",Million Metric Tons of Carbon Dioxide
1/1/03,200213,1231.527,"Natural Gas, Excluding Supplemental Gaseous Fuels, CO2 Emissions",Million Metric Tons of Carbon Dioxide
1/1/03,200301,145.447,"Natural Gas, Excluding Supplemental Gaseous Fuels, CO2 Emissions",Million Metric Tons of Carbon Dioxide
2/1/03,200302,134.624,"Natural Gas, Excluding Supplemental Gaseous Fuels, CO2 Emissions",Million Metric Tons of Carbon Dioxide
3/1/03,200303,118.216,"Natural Gas, Excluding Supplemental Gaseous Fuels, CO2 Emissions",Million Metric Tons of Carbon Dioxide
4/1/03,200304,93.574,"Natural Gas, Excluding Supplemental Gaseous Fuels, CO2 Emissions",Million Metric Tons of Carbon Dioxide
5/1/03,200305,81.07,"Natural Gas, Excluding Supplemental Gaseous Fuels, CO2 Emissions",Million Metric Tons of Carbon Dioxide
6/1/03,200306,73.246,"Natural Gas, Excluding Supplemental Gaseous Fuels, CO2 Emissions",Million Metric Tons of Carbon Dioxide
7/1/03,200307,85.667,"Natural Gas, Excluding Supplemental Gaseous Fuels, CO2 Emissions",Million Metric Tons of Carbon Dioxide
8/1/03,200308,88.417,"Natural Gas, Excluding Supplemental Gaseous Fuels, CO2 Emissions",Million Metric Tons of Carbon Dioxide
9/1/03,200309,76.385,"Natural Gas, Excluding Supplemental Gaseous Fuels, CO2 Emissions",Million Metric Tons of Carbon Dioxide
10/1/03,200310,83.093,"Natural Gas, Excluding Supplemental Gaseous Fuels, CO2 Emissions",Million Metric Tons of Carbon Dioxide
11/1/03,200311,93.974,"Natural Gas, Excluding Supplemental Gaseous Fuels, CO2 Emissions",Million Metric Tons of Carbon Dioxide
12/1/03,200312,121.668,"Natural Gas, Excluding Supplemental Gaseous Fuels, CO2 Emissions",Million Metric Tons of Carbon Dioxide
1/1/04,200313,1195.381,"Natural Gas, Excluding Supplemental Gaseous Fuels, CO2 Emissions",Million Metric Tons of Carbon Dioxide
1/1/04,200401,143.835,"Natural Gas, Excluding Supplemental Gaseous Fuels, CO2 Emissions",Million Metric Tons of Carbon Dioxide
2/1/04,200402,134.961,"Natural Gas, Excluding Supplemental Gaseous Fuels, CO2 Emissions",Million Metric Tons of Carbon Dioxide
3/1/04,200403,112.702,"Natural Gas, Excluding Supplemental Gaseous Fuels, CO2 Emissions",Million Metric Tons of Carbon Dioxide
4/1/04,200404,93.471,"Natural Gas, Excluding Supplemental Gaseous Fuels, CO2 Emissions",Million Metric Tons of Carbon Dioxide
5/1/04,200405,84.135,"Natural Gas, Excluding Supplemental Gaseous Fuels, CO2 Emissions",Million Metric Tons of Carbon Dioxide
6/1/04,200406,79.528,"Natural Gas, Excluding Supplemental Gaseous Fuels, CO2 Emissions",Million Metric Tons of Carbon Dioxide
7/1/04,200407,84.989,"Natural Gas, Excluding Supplemental Gaseous Fuels, CO2 Emissions",Million Metric Tons of Carbon Dioxide
8/1/04,200408,84.438,"Natural Gas, Excluding Supplemental Gaseous Fuels, CO2 Emissions",Million Metric Tons of Carbon Dioxide
9/1/04,200409,79.22,"Natural Gas, Excluding Supplemental Gaseous Fuels, CO2 Emissions",Million Metric Tons of Carbon Dioxide
10/1/04,200410,83.204,"Natural Gas, Excluding Supplemental Gaseous Fuels, CO2 Emissions",Million Metric Tons of Carbon Dioxide
11/1/04,200411,95.437,"Natural Gas, Excluding Supplemental Gaseous Fuels, CO2 Emissions",Million Metric Tons of Carbon Dioxide
12/1/04,200412,125.012,"Natural Gas, Excluding Supplemental Gaseous Fuels, CO2 Emissions",Million Metric Tons of Carbon Dioxide
1/1/05,200413,1200.931,"Natural Gas, Excluding Supplemental Gaseous Fuels, CO2 Emissions",Million Metric Tons of Carbon Dioxide
1/1/05,200501,138,"Natural Gas, Excluding Supplemental Gaseous Fuels, CO2 Emissions",Million Metric Tons of Carbon Dioxide
2/1/05,200502,120.689,"Natural Gas, Excluding Supplemental Gaseous Fuels, CO2 Emissions",Million Metric Tons of Carbon Dioxide
3/1/05,200503,118.592,"Natural Gas, Excluding Supplemental Gaseous Fuels, CO2 Emissions",Million Metric Tons of Carbon Dioxide
4/1/05,200504,92.529,"Natural Gas, Excluding Supplemental Gaseous Fuels, CO2 Emissions",Million Metric Tons of Carbon Dioxide
5/1/05,200505,81.622,"Natural Gas, Excluding Supplemental Gaseous Fuels, CO2 Emissions",Million Metric Tons of Carbon Dioxide
6/1/05,200506,82.273,"Natural Gas, Excluding Supplemental Gaseous Fuels, CO2 Emissions",Million Metric Tons of Carbon Dioxide
7/1/05,200507,90.597,"Natural Gas, Excluding Supplemental Gaseous Fuels, CO2 Emissions",Million Metric Tons of Carbon Dioxide
8/1/05,200508,91.037,"Natural Gas, Excluding Supplemental Gaseous Fuels, CO2 Emissions",Million Metric Tons of Carbon Dioxide
9/1/05,200509,76.247,"Natural Gas, Excluding Supplemental Gaseous Fuels, CO2 Emissions",Million Metric Tons of Carbon Dioxide
10/1/05,200510,76.439,"Natural Gas, Excluding Supplemental Gaseous Fuels, CO2 Emissions",Million Metric Tons of Carbon Dioxide
11/1/05,200511,89.212,"Natural Gas, Excluding Supplemental Gaseous Fuels, CO2 Emissions",Million Metric Tons of Carbon Dioxide
12/1/05,200512,125.23,"Natural Gas, Excluding Supplemental Gaseous Fuels, CO2 Emissions",Million Metric Tons of Carbon Dioxide
1/1/06,200513,1182.466,"Natural Gas, Excluding Supplemental Gaseous Fuels, CO2 Emissions",Million Metric Tons of Carbon Dioxide
1/1/06,200601,116.863,"Natural Gas, Excluding Supplemental Gaseous Fuels, CO2 Emissions",Million Metric Tons of Carbon Dioxide
2/1/06,200602,115.739,"Natural Gas, Excluding Supplemental Gaseous Fuels, CO2 Emissions",Million Metric Tons of Carbon Dioxide
3/1/06,200603,114.711,"Natural Gas, Excluding Supplemental Gaseous Fuels, CO2 Emissions",Million Metric Tons of Carbon Dioxide
4/1/06,200604,90.574,"Natural Gas, Excluding Supplemental Gaseous Fuels, CO2 Emissions",Million Metric Tons of Carbon Dioxide
5/1/06,200605,82.231,"Natural Gas, Excluding Supplemental Gaseous Fuels, CO2 Emissions",Million Metric Tons of Carbon Dioxide
6/1/06,200606,83.499,"Natural Gas, Excluding Supplemental Gaseous Fuels, CO2 Emissions",Million Metric Tons of Carbon Dioxide
7/1/06,200607,94.852,"Natural Gas, Excluding Supplemental Gaseous Fuels, CO2 Emissions",Million Metric Tons of Carbon Dioxide
8/1/06,200608,94.432,"Natural Gas, Excluding Supplemental Gaseous Fuels, CO2 Emissions",Million Metric Tons of Carbon Dioxide
9/1/06,200609,78.648,"Natural Gas, Excluding Supplemental Gaseous Fuels, CO2 Emissions",Million Metric Tons of Carbon Dioxide
10/1/06,200610,88.525,"Natural Gas, Excluding Supplemental Gaseous Fuels, CO2 Emissions",Million Metric Tons of Carbon Dioxide
11/1/06,200611,95.107,"Natural Gas, Excluding Supplemental Gaseous Fuels, CO2 Emissions",Million Metric Tons of Carbon Dioxide
12/1/06,200612,114.515,"Natural Gas, Excluding Supplemental Gaseous Fuels, CO2 Emissions",Million Metric Tons of Carbon Dioxide
1/1/07,200613,1169.696,"Natural Gas, Excluding Supplemental Gaseous Fuels, CO2 Emissions",Million Metric Tons of Carbon Dioxide
1/1/07,200701,133.532,"Natural Gas, Excluding Supplemental Gaseous Fuels, CO2 Emissions",Million Metric Tons of Carbon Dioxide
2/1/07,200702,138.548,"Natural Gas, Excluding Supplemental Gaseous Fuels, CO2 Emissions",Million Metric Tons of Carbon Dioxide
3/1/07,200703,114.731,"Natural Gas, Excluding Supplemental Gaseous Fuels, CO2 Emissions",Million Metric Tons of Carbon Dioxide
4/1/07,200704,97.497,"Natural Gas, Excluding Supplemental Gaseous Fuels, CO2 Emissions",Million Metric Tons of Carbon Dioxide
5/1/07,200705,84.012,"Natural Gas, Excluding Supplemental Gaseous Fuels, CO2 Emissions",Million Metric Tons of Carbon Dioxide
6/1/07,200706,83.71,"Natural Gas, Excluding Supplemental Gaseous Fuels, CO2 Emissions",Million Metric Tons of Carbon Dioxide
7/1/07,200707,89.447,"Natural Gas, Excluding Supplemental Gaseous Fuels, CO2 Emissions",Million Metric Tons of Carbon Dioxide
8/1/07,200708,102.257,"Natural Gas, Excluding Supplemental Gaseous Fuels, CO2 Emissions",Million Metric Tons of Carbon Dioxide
9/1/07,200709,85.596,"Natural Gas, Excluding Supplemental Gaseous Fuels, CO2 Emissions",Million Metric Tons of Carbon Dioxide
10/1/07,200710,87.577,"Natural Gas, Excluding Supplemental Gaseous Fuels, CO2 Emissions",Million Metric Tons of Carbon Dioxide
11/1/07,200711,98.744,"Natural Gas, Excluding Supplemental Gaseous Fuels, CO2 Emissions",Million Metric Tons of Carbon Dioxide
12/1/07,200712,129.507,"Natural Gas, Excluding Supplemental Gaseous Fuels, CO2 Emissions",Million Metric Tons of Carbon Dioxide
1/1/08,200713,1245.158,"Natural Gas, Excluding Supplemental Gaseous Fuels, CO2 Emissions",Million Metric Tons of Carbon Dioxide
1/1/08,200801,147.608,"Natural Gas, Excluding Supplemental Gaseous Fuels, CO2 Emissions",Million Metric Tons of Carbon Dioxide
2/1/08,200802,135.108,"Natural Gas, Excluding Supplemental Gaseous Fuels, CO2 Emissions",Million Metric Tons of Carbon Dioxide
3/1/08,200803,122.849,"Natural Gas, Excluding Supplemental Gaseous Fuels, CO2 Emissions",Million Metric Tons of Carbon Dioxide
4/1/08,200804,98.226,"Natural Gas, Excluding Supplemental Gaseous Fuels, CO2 Emissions",Million Metric Tons of Carbon Dioxide
5/1/08,200805,84.826,"Natural Gas, Excluding Supplemental Gaseous Fuels, CO2 Emissions",Million Metric Tons of Carbon Dioxide
6/1/08,200806,86.381,"Natural Gas, Excluding Supplemental Gaseous Fuels, CO2 Emissions",Million Metric Tons of Carbon Dioxide
7/1/08,200807,92.091,"Natural Gas, Excluding Supplemental Gaseous Fuels, CO2 Emissions",Million Metric Tons of Carbon Dioxide
8/1/08,200808,90.653,"Natural Gas, Excluding Supplemental Gaseous Fuels, CO2 Emissions",Million Metric Tons of Carbon Dioxide
9/1/08,200809,78.569,"Natural Gas, Excluding Supplemental Gaseous Fuels, CO2 Emissions",Million Metric Tons of Carbon Dioxide
10/1/08,200810,87.982,"Natural Gas, Excluding Supplemental Gaseous Fuels, CO2 Emissions",Million Metric Tons of Carbon Dioxide
11/1/08,200811,100.667,"Natural Gas, Excluding Supplemental Gaseous Fuels, CO2 Emissions",Million Metric Tons of Carbon Dioxide
12/1/08,200812,129.562,"Natural Gas, Excluding Supplemental Gaseous Fuels, CO2 Emissions",Million Metric Tons of Carbon Dioxide
1/1/09,200813,1254.522,"Natural Gas, Excluding Supplemental Gaseous Fuels, CO2 Emissions",Million Metric Tons of Carbon Dioxide
1/1/09,200901,147.269,"Natural Gas, Excluding Supplemental Gaseous Fuels, CO2 Emissions",Million Metric Tons of Carbon Dioxide
2/1/09,200902,125.743,"Natural Gas, Excluding Supplemental Gaseous Fuels, CO2 Emissions",Million Metric Tons of Carbon Dioxide
3/1/09,200903,116.938,"Natural Gas, Excluding Supplemental Gaseous Fuels, CO2 Emissions",Million Metric Tons of Carbon Dioxide
4/1/09,200904,93.676,"Natural Gas, Excluding Supplemental Gaseous Fuels, CO2 Emissions",Million Metric Tons of Carbon Dioxide
5/1/09,200905,80.867,"Natural Gas, Excluding Supplemental Gaseous Fuels, CO2 Emissions",Million Metric Tons of Carbon Dioxide
6/1/09,200906,82.173,"Natural Gas, Excluding Supplemental Gaseous Fuels, CO2 Emissions",Million Metric Tons of Carbon Dioxide
7/1/09,200907,89.253,"Natural Gas, Excluding Supplemental Gaseous Fuels, CO2 Emissions",Million Metric Tons of Carbon Dioxide
8/1/09,200908,93.48,"Natural Gas, Excluding Supplemental Gaseous Fuels, CO2 Emissions",Million Metric Tons of Carbon Dioxide
9/1/09,200909,84.679,"Natural Gas, Excluding Supplemental Gaseous Fuels, CO2 Emissions",Million Metric Tons of Carbon Dioxide
10/1/09,200910,89.552,"Natural Gas, Excluding Supplemental Gaseous Fuels, CO2 Emissions",Million Metric Tons of Carbon Dioxide
11/1/09,200911,95.468,"Natural Gas, Excluding Supplemental Gaseous Fuels, CO2 Emissions",Million Metric Tons of Carbon Dioxide
12/1/09,200912,134.292,"Natural Gas, Excluding Supplemental Gaseous Fuels, CO2 Emissions",Million Metric Tons of Carbon Dioxide
1/1/10,200913,1233.39,"Natural Gas, Excluding Supplemental Gaseous Fuels, CO2 Emissions",Million Metric Tons of Carbon Dioxide
1/1/10,201001,151.157,"Natural Gas, Excluding Supplemental Gaseous Fuels, CO2 Emissions",Million Metric Tons of Carbon Dioxide
2/1/10,201002,133.401,"Natural Gas, Excluding Supplemental Gaseous Fuels, CO2 Emissions",Million Metric Tons of Carbon Dioxide
3/1/10,201003,115.016,"Natural Gas, Excluding Supplemental Gaseous Fuels, CO2 Emissions",Million Metric Tons of Carbon Dioxide
4/1/10,201004,90.637,"Natural Gas, Excluding Supplemental Gaseous Fuels, CO2 Emissions",Million Metric Tons of Carbon Dioxide
5/1/10,201005,86.564,"Natural Gas, Excluding Supplemental Gaseous Fuels, CO2 Emissions",Million Metric Tons of Carbon Dioxide
6/1/10,201006,88.358,"Natural Gas, Excluding Supplemental Gaseous Fuels, CO2 Emissions",Million Metric Tons of Carbon Dioxide
7/1/10,201007,97.907,"Natural Gas, Excluding Supplemental Gaseous Fuels, CO2 Emissions",Million Metric Tons of Carbon Dioxide
8/1/10,201008,100.788,"Natural Gas, Excluding Supplemental Gaseous Fuels, CO2 Emissions",Million Metric Tons of Carbon Dioxide
9/1/10,201009,87.688,"Natural Gas, Excluding Supplemental Gaseous Fuels, CO2 Emissions",Million Metric Tons of Carbon Dioxide
10/1/10,201010,89.142,"Natural Gas, Excluding Supplemental Gaseous Fuels, CO2 Emissions",Million Metric Tons of Carbon Dioxide
11/1/10,201011,105.838,"Natural Gas, Excluding Supplemental Gaseous Fuels, CO2 Emissions",Million Metric Tons of Carbon Dioxide
12/1/10,201012,145.942,"Natural Gas, Excluding Supplemental Gaseous Fuels, CO2 Emissions",Million Metric Tons of Carbon Dioxide
1/1/11,201013,1292.438,"Natural Gas, Excluding Supplemental Gaseous Fuels, CO2 Emissions",Million Metric Tons of Carbon Dioxide
1/1/11,201101,155.278,"Natural Gas, Excluding Supplemental Gaseous Fuels, CO2 Emissions",Million Metric Tons of Carbon Dioxide
2/1/11,201102,131.744,"Natural Gas, Excluding Supplemental Gaseous Fuels, CO2 Emissions",Million Metric Tons of Carbon Dioxide
3/1/11,201103,119.635,"Natural Gas, Excluding Supplemental Gaseous Fuels, CO2 Emissions",Million Metric Tons of Carbon Dioxide
4/1/11,201104,97.736,"Natural Gas, Excluding Supplemental Gaseous Fuels, CO2 Emissions",Million Metric Tons of Carbon Dioxide
5/1/11,201105,89.191,"Natural Gas, Excluding Supplemental Gaseous Fuels, CO2 Emissions",Million Metric Tons of Carbon Dioxide
6/1/11,201106,88.707,"Natural Gas, Excluding Supplemental Gaseous Fuels, CO2 Emissions",Million Metric Tons of Carbon Dioxide
7/1/11,201107,101.341,"Natural Gas, Excluding Supplemental Gaseous Fuels, CO2 Emissions",Million Metric Tons of Carbon Dioxide
8/1/11,201108,101.39,"Natural Gas, Excluding Supplemental Gaseous Fuels, CO2 Emissions",Million Metric Tons of Carbon Dioxide
9/1/11,201109,88.589,"Natural Gas, Excluding Supplemental Gaseous Fuels, CO2 Emissions",Million Metric Tons of Carbon Dioxide
10/1/11,201110,93.34,"Natural Gas, Excluding Supplemental Gaseous Fuels, CO2 Emissions",Million Metric Tons of Carbon Dioxide
11/1/11,201111,108.898,"Natural Gas, Excluding Supplemental Gaseous Fuels, CO2 Emissions",Million Metric Tons of Carbon Dioxide
12/1/11,201112,136.481,"Natural Gas, Excluding Supplemental Gaseous Fuels, CO2 Emissions",Million Metric Tons of Carbon Dioxide
1/1/12,201113,1312.328,"Natural Gas, Excluding Supplemental Gaseous Fuels, CO2 Emissions",Million Metric Tons of Carbon Dioxide
1/1/12,201201,148.325,"Natural Gas, Excluding Supplemental Gaseous Fuels, CO2 Emissions",Million Metric Tons of Carbon Dioxide
2/1/12,201202,134.53,"Natural Gas, Excluding Supplemental Gaseous Fuels, CO2 Emissions",Million Metric Tons of Carbon Dioxide
3/1/12,201203,114.261,"Natural Gas, Excluding Supplemental Gaseous Fuels, CO2 Emissions",Million Metric Tons of Carbon Dioxide
4/1/12,201204,104.823,"Natural Gas, Excluding Supplemental Gaseous Fuels, CO2 Emissions",Million Metric Tons of Carbon Dioxide
5/1/12,201205,100.505,"Natural Gas, Excluding Supplemental Gaseous Fuels, CO2 Emissions",Million Metric Tons of Carbon Dioxide
6/1/12,201206,100.234,"Natural Gas, Excluding Supplemental Gaseous Fuels, CO2 Emissions",Million Metric Tons of Carbon Dioxide
7/1/12,201207,111.14,"Natural Gas, Excluding Supplemental Gaseous Fuels, CO2 Emissions",Million Metric Tons of Carbon Dioxide
8/1/12,201208,107.809,"Natural Gas, Excluding Supplemental Gaseous Fuels, CO2 Emissions",Million Metric Tons of Carbon Dioxide
9/1/12,201209,96.89,"Natural Gas, Excluding Supplemental Gaseous Fuels, CO2 Emissions",Million Metric Tons of Carbon Dioxide
10/1/12,201210,101.945,"Natural Gas, Excluding Supplemental Gaseous Fuels, CO2 Emissions",Million Metric Tons of Carbon Dioxide
11/1/12,201211,116.444,"Natural Gas, Excluding Supplemental Gaseous Fuels, CO2 Emissions",Million Metric Tons of Carbon Dioxide
12/1/12,201212,134.655,"Natural Gas, Excluding Supplemental Gaseous Fuels, CO2 Emissions",Million Metric Tons of Carbon Dioxide
1/1/13,201213,1371.561,"Natural Gas, Excluding Supplemental Gaseous Fuels, CO2 Emissions",Million Metric Tons of Carbon Dioxide
1/1/13,201301,155.368,"Natural Gas, Excluding Supplemental Gaseous Fuels, CO2 Emissions",Million Metric Tons of Carbon Dioxide
2/1/13,201302,138.506,"Natural Gas, Excluding Supplemental Gaseous Fuels, CO2 Emissions",Million Metric Tons of Carbon Dioxide
3/1/13,201303,135.918,"Natural Gas, Excluding Supplemental Gaseous Fuels, CO2 Emissions",Million Metric Tons of Carbon Dioxide
4/1/13,201304,105.853,"Natural Gas, Excluding Supplemental Gaseous Fuels, CO2 Emissions",Million Metric Tons of Carbon Dioxide
5/1/13,201305,94.138,"Natural Gas, Excluding Supplemental Gaseous Fuels, CO2 Emissions",Million Metric Tons of Carbon Dioxide
6/1/13,201306,93.671,"Natural Gas, Excluding Supplemental Gaseous Fuels, CO2 Emissions",Million Metric Tons of Carbon Dioxide
7/1/13,201307,103.616,"Natural Gas, Excluding Supplemental Gaseous Fuels, CO2 Emissions",Million Metric Tons of Carbon Dioxide
8/1/13,201308,103.645,"Natural Gas, Excluding Supplemental Gaseous Fuels, CO2 Emissions",Million Metric Tons of Carbon Dioxide
9/1/13,201309,94.953,"Natural Gas, Excluding Supplemental Gaseous Fuels, CO2 Emissions",Million Metric Tons of Carbon Dioxide
10/1/13,201310,100.325,"Natural Gas, Excluding Supplemental Gaseous Fuels, CO2 Emissions",Million Metric Tons of Carbon Dioxide
11/1/13,201311,124.792,"Natural Gas, Excluding Supplemental Gaseous Fuels, CO2 Emissions",Million Metric Tons of Carbon Dioxide
12/1/13,201312,157.596,"Natural Gas, Excluding Supplemental Gaseous Fuels, CO2 Emissions",Million Metric Tons of Carbon Dioxide
1/1/14,201313,1408.38,"Natural Gas, Excluding Supplemental Gaseous Fuels, CO2 Emissions",Million Metric Tons of Carbon Dioxide
1/1/14,201401,173.735,"Natural Gas, Excluding Supplemental Gaseous Fuels, CO2 Emissions",Million Metric Tons of Carbon Dioxide
2/1/14,201402,148.536,"Natural Gas, Excluding Supplemental Gaseous Fuels, CO2 Emissions",Million Metric Tons of Carbon Dioxide
3/1/14,201403,138.44,"Natural Gas, Excluding Supplemental Gaseous Fuels, CO2 Emissions",Million Metric Tons of Carbon Dioxide
4/1/14,201404,105.908,"Natural Gas, Excluding Supplemental Gaseous Fuels, CO2 Emissions",Million Metric Tons of Carbon Dioxide
5/1/14,201405,97.64,"Natural Gas, Excluding Supplemental Gaseous Fuels, CO2 Emissions",Million Metric Tons of Carbon Dioxide
6/1/14,201406,94.12,"Natural Gas, Excluding Supplemental Gaseous Fuels, CO2 Emissions",Million Metric Tons of Carbon Dioxide
7/1/14,201407,101.482,"Natural Gas, Excluding Supplemental Gaseous Fuels, CO2 Emissions",Million Metric Tons of Carbon Dioxide
8/1/14,201408,104.313,"Natural Gas, Excluding Supplemental Gaseous Fuels, CO2 Emissions",Million Metric Tons of Carbon Dioxide
9/1/14,201409,97.598,"Natural Gas, Excluding Supplemental Gaseous Fuels, CO2 Emissions",Million Metric Tons of Carbon Dioxide
10/1/14,201410,103.228,"Natural Gas, Excluding Supplemental Gaseous Fuels, CO2 Emissions",Million Metric Tons of Carbon Dioxide
11/1/14,201411,127.501,"Natural Gas, Excluding Supplemental Gaseous Fuels, CO2 Emissions",Million Metric Tons of Carbon Dioxide
12/1/14,201412,145.036,"Natural Gas, Excluding Supplemental Gaseous Fuels, CO2 Emissions",Million Metric Tons of Carbon Dioxide
1/1/15,201413,1437.536,"Natural Gas, Excluding Supplemental Gaseous Fuels, CO2 Emissions",Million Metric Tons of Carbon Dioxide
1/1/15,201501,169.461,"Natural Gas, Excluding Supplemental Gaseous Fuels, CO2 Emissions",Million Metric Tons of Carbon Dioxide
2/1/15,201502,159.167,"Natural Gas, Excluding Supplemental Gaseous Fuels, CO2 Emissions",Million Metric Tons of Carbon Dioxide
3/1/15,201503,140.804,"Natural Gas, Excluding Supplemental Gaseous Fuels, CO2 Emissions",Million Metric Tons of Carbon Dioxide
4/1/15,201504,108.871,"Natural Gas, Excluding Supplemental Gaseous Fuels, CO2 Emissions",Million Metric Tons of Carbon Dioxide
5/1/15,201505,100.644,"Natural Gas, Excluding Supplemental Gaseous Fuels, CO2 Emissions",Million Metric Tons of Carbon Dioxide
6/1/15,201506,102.991,"Natural Gas, Excluding Supplemental Gaseous Fuels, CO2 Emissions",Million Metric Tons of Carbon Dioxide
7/1/15,201507,112.154,"Natural Gas, Excluding Supplemental Gaseous Fuels, CO2 Emissions",Million Metric Tons of Carbon Dioxide
8/1/15,201508,111.32,"Natural Gas, Excluding Supplemental Gaseous Fuels, CO2 Emissions",Million Metric Tons of Carbon Dioxide
9/1/15,201509,103.059,"Natural Gas, Excluding Supplemental Gaseous Fuels, CO2 Emissions",Million Metric Tons of Carbon Dioxide
10/1/15,201510,107.722,"Natural Gas, Excluding Supplemental Gaseous Fuels, CO2 Emissions",Million Metric Tons of Carbon Dioxide
11/1/15,201511,122.072,"Natural Gas, Excluding Supplemental Gaseous Fuels, CO2 Emissions",Million Metric Tons of Carbon Dioxide
12/1/15,201512,140.619,"Natural Gas, Excluding Supplemental Gaseous Fuels, CO2 Emissions",Million Metric Tons of Carbon Dioxide
1/1/16,201513,1478.884,"Natural Gas, Excluding Supplemental Gaseous Fuels, CO2 Emissions",Million Metric Tons of Carbon Dioxide
1/1/16,201601,168.248,"Natural Gas, Excluding Supplemental Gaseous Fuels, CO2 Emissions",Million Metric Tons of Carbon Dioxide
2/1/16,201602,144.227,"Natural Gas, Excluding Supplemental Gaseous Fuels, CO2 Emissions",Million Metric Tons of Carbon Dioxide
3/1/16,201603,127.936,"Natural Gas, Excluding Supplemental Gaseous Fuels, CO2 Emissions",Million Metric Tons of Carbon Dioxide
4/1/16,201604,113.052,"Natural Gas, Excluding Supplemental Gaseous Fuels, CO2 Emissions",Million Metric Tons of Carbon Dioxide
5/1/16,201605,106.555,"Natural Gas, Excluding Supplemental Gaseous Fuels, CO2 Emissions",Million Metric Tons of Carbon Dioxide
6/1/16,201606,108.49,"Natural Gas, Excluding Supplemental Gaseous Fuels, CO2 Emissions",Million Metric Tons of Carbon Dioxide
7/1/16,201607,118.617,"Natural Gas, Excluding Supplemental Gaseous Fuels, CO2 Emissions",Million Metric Tons of Carbon Dioxide
8/1/16,201608,119.793,"Natural Gas, Excluding Supplemental Gaseous Fuels, CO2 Emissions",Million Metric Tons of Carbon Dioxide
9/1/16,201609,105.57,"Natural Gas, Excluding Supplemental Gaseous Fuels, CO2 Emissions",Million Metric Tons of Carbon Dioxide
10/1/16,201610,104.328,"Natural Gas, Excluding Supplemental Gaseous Fuels, CO2 Emissions",Million Metric Tons of Carbon Dioxide
11/1/16,201611,117.168,"Natural Gas, Excluding Supplemental Gaseous Fuels, CO2 Emissions",Million Metric Tons of Carbon Dioxide
12/1/16,201612,155.867,"Natural Gas, Excluding Supplemental Gaseous Fuels, CO2 Emissions",Million Metric Tons of Carbon Dioxide
1/1/17,201613,1489.851,"Natural Gas, Excluding Supplemental Gaseous Fuels, CO2 Emissions",Million Metric Tons of Carbon Dioxide
1/1/17,201701,158.281,"Natural Gas, Excluding Supplemental Gaseous Fuels, CO2 Emissions",Million Metric Tons of Carbon Dioxide
2/1/17,201702,126.987,"Natural Gas, Excluding Supplemental Gaseous Fuels, CO2 Emissions",Million Metric Tons of Carbon Dioxide
3/1/17,201703,136.906,"Natural Gas, Excluding Supplemental Gaseous Fuels, CO2 Emissions",Million Metric Tons of Carbon Dioxide
4/1/17,201704,104.589,"Natural Gas, Excluding Supplemental Gaseous Fuels, CO2 Emissions",Million Metric Tons of Carbon Dioxide
5/1/17,201705,102.359,"Natural Gas, Excluding Supplemental Gaseous Fuels, CO2 Emissions",Million Metric Tons of Carbon Dioxide
6/1/17,201706,103.37,"Natural Gas, Excluding Supplemental Gaseous Fuels, CO2 Emissions",Million Metric Tons of Carbon Dioxide
7/1/17,201707,116.017,"Natural Gas, Excluding Supplemental Gaseous Fuels, CO2 Emissions",Million Metric Tons of Carbon Dioxide
8/1/17,201708,113.379,"Natural Gas, Excluding Supplemental Gaseous Fuels, CO2 Emissions",Million Metric Tons of Carbon Dioxide
9/1/17,201709,103.895,"Natural Gas, Excluding Supplemental Gaseous Fuels, CO2 Emissions",Million Metric Tons of Carbon Dioxide
10/1/17,201710,109.929,"Natural Gas, Excluding Supplemental Gaseous Fuels, CO2 Emissions",Million Metric Tons of Carbon Dioxide
11/1/17,201711,127.762,"Natural Gas, Excluding Supplemental Gaseous Fuels, CO2 Emissions",Million Metric Tons of Carbon Dioxide
12/1/17,201712,167.492,"Natural Gas, Excluding Supplemental Gaseous Fuels, CO2 Emissions",Million Metric Tons of Carbon Dioxide
1/1/18,201713,1470.964,"Natural Gas, Excluding Supplemental Gaseous Fuels, CO2 Emissions",Million Metric Tons of Carbon Dioxide
1/1/18,201801,180.91,"Natural Gas, Excluding Supplemental Gaseous Fuels, CO2 Emissions",Million Metric Tons of Carbon Dioxide
2/1/18,201802,146.563,"Natural Gas, Excluding Supplemental Gaseous Fuels, CO2 Emissions",Million Metric Tons of Carbon Dioxide
3/1/18,201803,151.159,"Natural Gas, Excluding Supplemental Gaseous Fuels, CO2 Emissions",Million Metric Tons of Carbon Dioxide
4/1/18,201804,126.789,"Natural Gas, Excluding Supplemental Gaseous Fuels, CO2 Emissions",Million Metric Tons of Carbon Dioxide
5/1/18,201805,110.606,"Natural Gas, Excluding Supplemental Gaseous Fuels, CO2 Emissions",Million Metric Tons of Carbon Dioxide
6/1/18,201806,111.111,"Natural Gas, Excluding Supplemental Gaseous Fuels, CO2 Emissions",Million Metric Tons of Carbon Dioxide
7/1/18,201807,126.806,"Natural Gas, Excluding Supplemental Gaseous Fuels, CO2 Emissions",Million Metric Tons of Carbon Dioxide
8/1/18,201808,124.783,"Natural Gas, Excluding Supplemental Gaseous Fuels, CO2 Emissions",Million Metric Tons of Carbon Dioxide
9/1/18,201809,116.161,"Natural Gas, Excluding Supplemental Gaseous Fuels, CO2 Emissions",Million Metric Tons of Carbon Dioxide
10/1/18,201810,123.171,"Natural Gas, Excluding Supplemental Gaseous Fuels, CO2 Emissions",Million Metric Tons of Carbon Dioxide
11/1/18,201811,146.685,"Natural Gas, Excluding Supplemental Gaseous Fuels, CO2 Emissions",Million Metric Tons of Carbon Dioxide
12/1/18,201812,162.163,"Natural Gas, Excluding Supplemental Gaseous Fuels, CO2 Emissions",Million Metric Tons of Carbon Dioxide
1/1/19,201813,1626.908,"Natural Gas, Excluding Supplemental Gaseous Fuels, CO2 Emissions",Million Metric Tons of Carbon Dioxide
1/1/19,201901,185.788,"Natural Gas, Excluding Supplemental Gaseous Fuels, CO2 Emissions",Million Metric Tons of Carbon Dioxide
2/1/19,201902,163.767,"Natural Gas, Excluding Supplemental Gaseous Fuels, CO2 Emissions",Million Metric Tons of Carbon Dioxide
3/1/19,201903,158.607,"Natural Gas, Excluding Supplemental Gaseous Fuels, CO2 Emissions",Million Metric Tons of Carbon Dioxide
4/1/19,201904,119.503,"Natural Gas, Excluding Supplemental Gaseous Fuels, CO2 Emissions",Million Metric Tons of Carbon Dioxide
5/1/19,201905,115.171,"Natural Gas, Excluding Supplemental Gaseous Fuels, CO2 Emissions",Million Metric Tons of Carbon Dioxide
6/1/19,201906,114.44,"Natural Gas, Excluding Supplemental Gaseous Fuels, CO2 Emissions",Million Metric Tons of Carbon Dioxide
7/1/19,201907,129.447,"Natural Gas, Excluding Supplemental Gaseous Fuels, CO2 Emissions",Million Metric Tons of Carbon Dioxide
8/1/19,201908,131.566,"Natural Gas, Excluding Supplemental Gaseous Fuels, CO2 Emissions",Million Metric Tons of Carbon Dioxide
9/1/19,201909,119.161,"Natural Gas, Excluding Supplemental Gaseous Fuels, CO2 Emissions",Million Metric Tons of Carbon Dioxide
10/1/19,201910,124.592,"Natural Gas, Excluding Supplemental Gaseous Fuels, CO2 Emissions",Million Metric Tons of Carbon Dioxide
11/1/19,201911,150.716,"Natural Gas, Excluding Supplemental Gaseous Fuels, CO2 Emissions",Million Metric Tons of Carbon Dioxide
12/1/19,201912,171.867,"Natural Gas, Excluding Supplemental Gaseous Fuels, CO2 Emissions",Million Metric Tons of Carbon Dioxide
1/1/20,201913,1684.624,"Natural Gas, Excluding Supplemental Gaseous Fuels, CO2 Emissions",Million Metric Tons of Carbon Dioxide
1/1/20,202001,180.343,"Natural Gas, Excluding Supplemental Gaseous Fuels, CO2 Emissions",Million Metric Tons of Carbon Dioxide
2/1/20,202002,165.947,"Natural Gas, Excluding Supplemental Gaseous Fuels, CO2 Emissions",Million Metric Tons of Carbon Dioxide
3/1/20,202003,147.46,"Natural Gas, Excluding Supplemental Gaseous Fuels, CO2 Emissions",Million Metric Tons of Carbon Dioxide
4/1/20,202004,122.325,"Natural Gas, Excluding Supplemental Gaseous Fuels, CO2 Emissions",Million Metric Tons of Carbon Dioxide
5/1/20,202005,112.05,"Natural Gas, Excluding Supplemental Gaseous Fuels, CO2 Emissions",Million Metric Tons of Carbon Dioxide
6/1/20,202006,115.229,"Natural Gas, Excluding Supplemental Gaseous Fuels, CO2 Emissions",Million Metric Tons of Carbon Dioxide
7/1/20,202007,133.423,"Natural Gas, Excluding Supplemental Gaseous Fuels, CO2 Emissions",Million Metric Tons of Carbon Dioxide
8/1/20,202008,129.871,"Natural Gas, Excluding Supplemental Gaseous Fuels, CO2 Emissions",Million Metric Tons of Carbon Dioxide
9/1/20,202009,116.333,"Natural Gas, Excluding Supplemental Gaseous Fuels, CO2 Emissions",Million Metric Tons of Carbon Dioxide
10/1/20,202010,125.218,"Natural Gas, Excluding Supplemental Gaseous Fuels, CO2 Emissions",Million Metric Tons of Carbon Dioxide
11/1/20,202011,132.136,"Natural Gas, Excluding Supplemental Gaseous Fuels, CO2 Emissions",Million Metric Tons of Carbon Dioxide
12/1/20,202012,172.668,"Natural Gas, Excluding Supplemental Gaseous Fuels, CO2 Emissions",Million Metric Tons of Carbon Dioxide
1/1/21,202013,1653.001,"Natural Gas, Excluding Supplemental Gaseous Fuels, CO2 Emissions",Million Metric Tons of Carbon Dioxide
1/1/21,202101,180.711,"Natural Gas, Excluding Supplemental Gaseous Fuels, CO2 Emissions",Million Metric Tons of Carbon Dioxide
2/1/21,202102,167.876,"Natural Gas, Excluding Supplemental Gaseous Fuels, CO2 Emissions",Million Metric Tons of Carbon Dioxide
3/1/21,202103,142.749,"Natural Gas, Excluding Supplemental Gaseous Fuels, CO2 Emissions",Million Metric Tons of Carbon Dioxide
4/1/21,202104,122.575,"Natural Gas, Excluding Supplemental Gaseous Fuels, CO2 Emissions",Million Metric Tons of Carbon Dioxide
5/1/21,202105,114.082,"Natural Gas, Excluding Supplemental Gaseous Fuels, CO2 Emissions",Million Metric Tons of Carbon Dioxide
6/1/21,202106,121.009,"Natural Gas, Excluding Supplemental Gaseous Fuels, CO2 Emissions",Million Metric Tons of Carbon Dioxide
7/1/21,202107,130.545,"Natural Gas, Excluding Supplemental Gaseous Fuels, CO2 Emissions",Million Metric Tons of Carbon Dioxide
8/1/21,202108,131.551,"Natural Gas, Excluding Supplemental Gaseous Fuels, CO2 Emissions",Million Metric Tons of Carbon Dioxide
9/1/21,202109,115.303,"Natural Gas, Excluding Supplemental Gaseous Fuels, CO2 Emissions",Million Metric Tons of Carbon Dioxide
10/1/21,202110,121.847,"Natural Gas, Excluding Supplemental Gaseous Fuels, CO2 Emissions",Million Metric Tons of Carbon Dioxide
11/1/21,202111,145.116,"Natural Gas, Excluding Supplemental Gaseous Fuels, CO2 Emissions",Million Metric Tons of Carbon Dioxide
12/1/21,202112,162.757,"Natural Gas, Excluding Supplemental Gaseous Fuels, CO2 Emissions",Million Metric Tons of Carbon Dioxide
1/1/22,202113,1656.12,"Natural Gas, Excluding Supplemental Gaseous Fuels, CO2 Emissions",Million Metric Tons of Carbon Dioxide
1/1/22,202201,193.899,"Natural Gas, Excluding Supplemental Gaseous Fuels, CO2 Emissions",Million Metric Tons of Carbon Dioxide
2/1/22,202202,164.965,"Natural Gas, Excluding Supplemental Gaseous Fuels, CO2 Emissions",Million Metric Tons of Carbon Dioxide
3/1/22,202203,150.012,"Natural Gas, Excluding Supplemental Gaseous Fuels, CO2 Emissions",Million Metric Tons of Carbon Dioxide
4/1/22,202204,126.947,"Natural Gas, Excluding Supplemental Gaseous Fuels, CO2 Emissions",Million Metric Tons of Carbon Dioxide
5/1/22,202205,120.564,"Natural Gas, Excluding Supplemental Gaseous Fuels, CO2 Emissions",Million Metric Tons of Carbon Dioxide
6/1/22,202206,124.828,"Natural Gas, Excluding Supplemental Gaseous Fuels, CO2 Emissions",Million Metric Tons of Carbon Dioxide
7/1/22,202207,139.699,"Natural Gas, Excluding Supplemental Gaseous Fuels, CO2 Emissions",Million Metric Tons of Carbon Dioxide
8/1/22,202208,138.377,"Natural Gas, Excluding Supplemental Gaseous Fuels, CO2 Emissions",Million Metric Tons of Carbon Dioxide
9/1/22,202209,123.508,"Natural Gas, Excluding Supplemental Gaseous Fuels, CO2 Emissions",Million Metric Tons of Carbon Dioxide
10/1/22,202210,127.217,"Natural Gas, Excluding Supplemental Gaseous Fuels, CO2 Emissions",Million Metric Tons of Carbon Dioxide
11/1/22,202211,149.4,"Natural Gas, Excluding Supplemental Gaseous Fuels, CO2 Emissions",Million Metric Tons of Carbon Dioxide
12/1/22,202212,182.726,"Natural Gas, Excluding Supplemental Gaseous Fuels, CO2 Emissions",Million Metric Tons of Carbon Dioxide
1/1/23,202213,1742.143,"Natural Gas, Excluding Supplemental Gaseous Fuels, CO2 Emissions",Million Metric Tons of Carbon Dioxide
1/1/23,202301,178.653,"Natural Gas, Excluding Supplemental Gaseous Fuels, CO2 Emissions",Million Metric Tons of Carbon Dioxide
2/1/23,202302,159.44,"Natural Gas, Excluding Supplemental Gaseous Fuels, CO2 Emissions",Million Metric Tons of Carbon Dioxide
3/1/23,202303,162.71,"Natural Gas, Excluding Supplemental Gaseous Fuels, CO2 Emissions",Million Metric Tons of Carbon Dioxide
4/1/23,202304,130.57,"Natural Gas, Excluding Supplemental Gaseous Fuels, CO2 Emissions",Million Metric Tons of Carbon Dioxide
5/1/23,202305,124.823,"Natural Gas, Excluding Supplemental Gaseous Fuels, CO2 Emissions",Million Metric Tons of Carbon Dioxide
6/1/23,202306,127.178,"Natural Gas, Excluding Supplemental Gaseous Fuels, CO2 Emissions",Million Metric Tons of Carbon Dioxide
7/1/23,202307,143.918,"Natural Gas, Excluding Supplemental Gaseous Fuels, CO2 Emissions",Million Metric Tons of Carbon Dioxide
8/1/23,202308,144.409,"Natural Gas, Excluding Supplemental Gaseous Fuels, CO2 Emissions",Million Metric Tons of Carbon Dioxide
9/1/23,202309,127.841,"Natural Gas, Excluding Supplemental Gaseous Fuels, CO2 Emissions",Million Metric Tons of Carbon Dioxide
10/1/23,202310,131.738,"Natural Gas, Excluding Supplemental Gaseous Fuels, CO2 Emissions",Million Metric Tons of Carbon Dioxide
11/1/23,202311,152.661,"Natural Gas, Excluding Supplemental Gaseous Fuels, CO2 Emissions",Million Metric Tons of Carbon Dioxide