ID State,State,ID Year,Year,ID Industry Group,Industry Group,ID Workforce Status,Workforce Status,Total Population,Slug State,Code
04000US01,Alabama,2021,2021,2212P,Natural gas distribution,TRUE,TRUE,2371,alabama,AL
04000US01,Alabama,2020,2020,2212P,Natural gas distribution,TRUE,TRUE,2685,alabama,AL
04000US01,Alabama,2019,2019,2212P,Natural gas distribution,TRUE,TRUE,2111,alabama,AL
04000US01,Alabama,2018,2018,2212P,Natural gas distribution,TRUE,TRUE,2210,alabama,AL
04000US01,Alabama,2017,2017,2212P,Natural gas distribution,TRUE,TRUE,2532,alabama,AL
04000US01,Alabama,2016,2016,2212P,Natural gas distribution,TRUE,TRUE,2157,alabama,AL
04000US01,Alabama,2015,2015,2212P,Natural gas distribution,TRUE,TRUE,2045,alabama,AL
04000US01,Alabama,2014,2014,2212P,Natural gas distribution,TRUE,TRUE,2474,alabama,AL
04000US02,Alaska,2021,2021,2212P,Natural gas distribution,TRUE,TRUE,1409,alaska,AK
04000US02,Alaska,2020,2020,2212P,Natural gas distribution,TRUE,TRUE,726,alaska,AK
04000US02,Alaska,2019,2019,2212P,Natural gas distribution,TRUE,TRUE,278,alaska,AK
04000US02,Alaska,2018,2018,2212P,Natural gas distribution,TRUE,TRUE,459,alaska,AK
04000US02,Alaska,2017,2017,2212P,Natural gas distribution,TRUE,TRUE,483,alaska,AK
04000US02,Alaska,2016,2016,2212P,Natural gas distribution,TRUE,TRUE,381,alaska,AK
04000US02,Alaska,2015,2015,2212P,Natural gas distribution,TRUE,TRUE,352,alaska,AK
04000US02,Alaska,2014,2014,2212P,Natural gas distribution,TRUE,TRUE,305,alaska,AK
04000US04,Arizona,2021,2021,2212P,Natural gas distribution,TRUE,TRUE,1940,arizona,AZ
04000US04,Arizona,2020,2020,2212P,Natural gas distribution,TRUE,TRUE,1817,arizona,AZ
04000US04,Arizona,2019,2019,2212P,Natural gas distribution,TRUE,TRUE,2214,arizona,AZ
04000US04,Arizona,2018,2018,2212P,Natural gas distribution,TRUE,TRUE,1794,arizona,AZ
04000US04,Arizona,2017,2017,2212P,Natural gas distribution,TRUE,TRUE,1520,arizona,AZ
04000US04,Arizona,2016,2016,2212P,Natural gas distribution,TRUE,TRUE,1627,arizona,AZ
04000US04,Arizona,2015,2015,2212P,Natural gas distribution,TRUE,TRUE,1701,arizona,AZ
04000US04,Arizona,2014,2014,2212P,Natural gas distribution,TRUE,TRUE,1584,arizona,AZ
04000US05,Arkansas,2021,2021,2212P,Natural gas distribution,TRUE,TRUE,1376,arkansas,AR
04000US05,Arkansas,2020,2020,2212P,Natural gas distribution,TRUE,TRUE,1366,arkansas,AR
04000US05,Arkansas,2019,2019,2212P,Natural gas distribution,TRUE,TRUE,1424,arkansas,AR
04000US05,Arkansas,2018,2018,2212P,Natural gas distribution,TRUE,TRUE,1352,arkansas,AR
04000US05,Arkansas,2017,2017,2212P,Natural gas distribution,TRUE,TRUE,1626,arkansas,AR
04000US05,Arkansas,2016,2016,2212P,Natural gas distribution,TRUE,TRUE,1516,arkansas,AR
04000US05,Arkansas,2015,2015,2212P,Natural gas distribution,TRUE,TRUE,1536,arkansas,AR
04000US05,Arkansas,2014,2014,2212P,Natural gas distribution,TRUE,TRUE,1875,arkansas,AR
04000US06,California,2021,2021,2212P,Natural gas distribution,TRUE,TRUE,11835,california,CA
04000US06,California,2020,2020,2212P,Natural gas distribution,TRUE,TRUE,12312,california,CA
04000US06,California,2019,2019,2212P,Natural gas distribution,TRUE,TRUE,11993,california,CA
04000US06,California,2018,2018,2212P,Natural gas distribution,TRUE,TRUE,12174,california,CA
04000US06,California,2017,2017,2212P,Natural gas distribution,TRUE,TRUE,12434,california,CA
04000US06,California,2016,2016,2212P,Natural gas distribution,TRUE,TRUE,11524,california,CA
04000US06,California,2015,2015,2212P,Natural gas distribution,TRUE,TRUE,10651,california,CA
04000US06,California,2014,2014,2212P,Natural gas distribution,TRUE,TRUE,9827,california,CA
04000US08,Colorado,2021,2021,2212P,Natural gas distribution,TRUE,TRUE,2772,colorado,CO
04000US08,Colorado,2020,2020,2212P,Natural gas distribution,TRUE,TRUE,2368,colorado,CO
04000US08,Colorado,2019,2019,2212P,Natural gas distribution,TRUE,TRUE,2100,colorado,CO
04000US08,Colorado,2018,2018,2212P,Natural gas distribution,TRUE,TRUE,1849,colorado,CO
04000US08,Colorado,2017,2017,2212P,Natural gas distribution,TRUE,TRUE,2087,colorado,CO
04000US08,Colorado,2016,2016,2212P,Natural gas distribution,TRUE,TRUE,2097,colorado,CO
04000US08,Colorado,2015,2015,2212P,Natural gas distribution,TRUE,TRUE,2313,colorado,CO
04000US08,Colorado,2014,2014,2212P,Natural gas distribution,TRUE,TRUE,2335,colorado,CO
04000US09,Connecticut,2021,2021,2212P,Natural gas distribution,TRUE,TRUE,812,connecticut,CT
04000US09,Connecticut,2020,2020,2212P,Natural gas distribution,TRUE,TRUE,770,connecticut,CT
04000US09,Connecticut,2019,2019,2212P,Natural gas distribution,TRUE,TRUE,883,connecticut,CT
04000US09,Connecticut,2018,2018,2212P,Natural gas distribution,TRUE,TRUE,1149,connecticut,CT
04000US09,Connecticut,2017,2017,2212P,Natural gas distribution,TRUE,TRUE,1277,connecticut,CT
04000US09,Connecticut,2016,2016,2212P,Natural gas distribution,TRUE,TRUE,1222,connecticut,CT
04000US09,Connecticut,2015,2015,2212P,Natural gas distribution,TRUE,TRUE,1465,connecticut,CT
04000US09,Connecticut,2014,2014,2212P,Natural gas distribution,TRUE,TRUE,1454,connecticut,CT
04000US10,Delaware,2021,2021,2212P,Natural gas distribution,TRUE,TRUE,448,delaware,DE
04000US10,Delaware,2020,2020,2212P,Natural gas distribution,TRUE,TRUE,339,delaware,DE
04000US10,Delaware,2019,2019,2212P,Natural gas distribution,TRUE,TRUE,343,delaware,DE
04000US10,Delaware,2018,2018,2212P,Natural gas distribution,TRUE,TRUE,398,delaware,DE
04000US10,Delaware,2017,2017,2212P,Natural gas distribution,TRUE,TRUE,335,delaware,DE
04000US10,Delaware,2016,2016,2212P,Natural gas distribution,TRUE,TRUE,316,delaware,DE
04000US10,Delaware,2015,2015,2212P,Natural gas distribution,TRUE,TRUE,249,delaware,DE
04000US10,Delaware,2014,2014,2212P,Natural gas distribution,TRUE,TRUE,269,delaware,DE
04000US11,District of Columbia,2021,2021,2212P,Natural gas distribution,TRUE,TRUE,82,district-of-columbia,DC
04000US11,District of Columbia,2020,2020,2212P,Natural gas distribution,TRUE,TRUE,87,district-of-columbia,DC
04000US11,District of Columbia,2019,2019,2212P,Natural gas distribution,TRUE,TRUE,87,district-of-columbia,DC
04000US11,District of Columbia,2018,2018,2212P,Natural gas distribution,TRUE,TRUE,89,district-of-columbia,DC
04000US11,District of Columbia,2017,2017,2212P,Natural gas distribution,TRUE,TRUE,71,district-of-columbia,DC
04000US11,District of Columbia,2016,2016,2212P,Natural gas distribution,TRUE,TRUE,54,district-of-columbia,DC
04000US11,District of Columbia,2015,2015,2212P,Natural gas distribution,TRUE,TRUE,38,district-of-columbia,DC
04000US11,District of Columbia,2014,2014,2212P,Natural gas distribution,TRUE,TRUE,36,district-of-columbia,DC
04000US12,Florida,2021,2021,2212P,Natural gas distribution,TRUE,TRUE,2469,florida,FL
04000US12,Florida,2020,2020,2212P,Natural gas distribution,TRUE,TRUE,2206,florida,FL
04000US12,Florida,2019,2019,2212P,Natural gas distribution,TRUE,TRUE,2051,florida,FL
04000US12,Florida,2018,2018,2212P,Natural gas distribution,TRUE,TRUE,2544,florida,FL
04000US12,Florida,2017,2017,2212P,Natural gas distribution,TRUE,TRUE,2594,florida,FL
04000US12,Florida,2016,2016,2212P,Natural gas distribution,TRUE,TRUE,2501,florida,FL
04000US12,Florida,2015,2015,2212P,Natural gas distribution,TRUE,TRUE,2640,florida,FL
04000US12,Florida,2014,2014,2212P,Natural gas distribution,TRUE,TRUE,2661,florida,FL
04000US13,Georgia,2021,2021,2212P,Natural gas distribution,TRUE,TRUE,3534,georgia,GA
04000US13,Georgia,2020,2020,2212P,Natural gas distribution,TRUE,TRUE,3439,georgia,GA
04000US13,Georgia,2019,2019,2212P,Natural gas distribution,TRUE,TRUE,3613,georgia,GA
04000US13,Georgia,2018,2018,2212P,Natural gas distribution,TRUE,TRUE,3438,georgia,GA
04000US13,Georgia,2017,2017,2212P,Natural gas distribution,TRUE,TRUE,3508,georgia,GA
04000US13,Georgia,2016,2016,2212P,Natural gas distribution,TRUE,TRUE,3195,georgia,GA
04000US13,Georgia,2015,2015,2212P,Natural gas distribution,TRUE,TRUE,2774,georgia,GA
04000US13,Georgia,2014,2014,2212P,Natural gas distribution,TRUE,TRUE,2812,georgia,GA
04000US15,Hawaii,2021,2021,2212P,Natural gas distribution,TRUE,TRUE,223,hawaii,HI
04000US15,Hawaii,2020,2020,2212P,Natural gas distribution,TRUE,TRUE,222,hawaii,HI
04000US15,Hawaii,2019,2019,2212P,Natural gas distribution,TRUE,TRUE,212,hawaii,HI
04000US15,Hawaii,2018,2018,2212P,Natural gas distribution,TRUE,TRUE,261,hawaii,HI
04000US15,Hawaii,2017,2017,2212P,Natural gas distribution,TRUE,TRUE,404,hawaii,HI
04000US15,Hawaii,2016,2016,2212P,Natural gas distribution,TRUE,TRUE,382,hawaii,HI
04000US15,Hawaii,2015,2015,2212P,Natural gas distribution,TRUE,TRUE,373,hawaii,HI
04000US15,Hawaii,2014,2014,2212P,Natural gas distribution,TRUE,TRUE,398,hawaii,HI
04000US16,Idaho,2021,2021,2212P,Natural gas distribution,TRUE,TRUE,543,idaho,ID
04000US16,Idaho,2020,2020,2212P,Natural gas distribution,TRUE,TRUE,464,idaho,ID
04000US16,Idaho,2019,2019,2212P,Natural gas distribution,TRUE,TRUE,426,idaho,ID
04000US16,Idaho,2018,2018,2212P,Natural gas distribution,TRUE,TRUE,424,idaho,ID
04000US16,Idaho,2017,2017,2212P,Natural gas distribution,TRUE,TRUE,344,idaho,ID
04000US16,Idaho,2016,2016,2212P,Natural gas distribution,TRUE,TRUE,365,idaho,ID
04000US16,Idaho,2015,2015,2212P,Natural gas distribution,TRUE,TRUE,460,idaho,ID
04000US16,Idaho,2014,2014,2212P,Natural gas distribution,TRUE,TRUE,471,idaho,ID
04000US17,Illinois,2021,2021,2212P,Natural gas distribution,TRUE,TRUE,6090,illinois,IL
04000US17,Illinois,2020,2020,2212P,Natural gas distribution,TRUE,TRUE,5800,illinois,IL
04000US17,Illinois,2019,2019,2212P,Natural gas distribution,TRUE,TRUE,4917,illinois,IL
04000US17,Illinois,2018,2018,2212P,Natural gas distribution,TRUE,TRUE,5179,illinois,IL
04000US17,Illinois,2017,2017,2212P,Natural gas distribution,TRUE,TRUE,5359,illinois,IL
04000US17,Illinois,2016,2016,2212P,Natural gas distribution,TRUE,TRUE,5010,illinois,IL
04000US17,Illinois,2015,2015,2212P,Natural gas distribution,TRUE,TRUE,5338,illinois,IL
04000US17,Illinois,2014,2014,2212P,Natural gas distribution,TRUE,TRUE,5448,illinois,IL
04000US18,Indiana,2021,2021,2212P,Natural gas distribution,TRUE,TRUE,3423,indiana,IN
04000US18,Indiana,2020,2020,2212P,Natural gas distribution,TRUE,TRUE,3366,indiana,IN
04000US18,Indiana,2019,2019,2212P,Natural gas distribution,TRUE,TRUE,3217,indiana,IN
04000US18,Indiana,2018,2018,2212P,Natural gas distribution,TRUE,TRUE,3227,indiana,IN
04000US18,Indiana,2017,2017,2212P,Natural gas distribution,TRUE,TRUE,3027,indiana,IN
04000US18,Indiana,2016,2016,2212P,Natural gas distribution,TRUE,TRUE,2750,indiana,IN
04000US18,Indiana,2015,2015,2212P,Natural gas distribution,TRUE,TRUE,2825,indiana,IN
04000US18,Indiana,2014,2014,2212P,Natural gas distribution,TRUE,TRUE,2839,indiana,IN
04000US19,Iowa,2021,2021,2212P,Natural gas distribution,TRUE,TRUE,813,iowa,IA
04000US19,Iowa,2020,2020,2212P,Natural gas distribution,TRUE,TRUE,831,iowa,IA
04000US19,Iowa,2019,2019,2212P,Natural gas distribution,TRUE,TRUE,822,iowa,IA
04000US19,Iowa,2018,2018,2212P,Natural gas distribution,TRUE,TRUE,690,iowa,IA
04000US19,Iowa,2017,2017,2212P,Natural gas distribution,TRUE,TRUE,754,iowa,IA
04000US19,Iowa,2016,2016,2212P,Natural gas distribution,TRUE,TRUE,657,iowa,IA
04000US19,Iowa,2015,2015,2212P,Natural gas distribution,TRUE,TRUE,674,iowa,IA
04000US19,Iowa,2014,2014,2212P,Natural gas distribution,TRUE,TRUE,623,iowa,IA
04000US20,Kansas,2021,2021,2212P,Natural gas distribution,TRUE,TRUE,2160,kansas,KS
04000US20,Kansas,2020,2020,2212P,Natural gas distribution,TRUE,TRUE,2131,kansas,KS
04000US20,Kansas,2019,2019,2212P,Natural gas distribution,TRUE,TRUE,2112,kansas,KS
04000US20,Kansas,2018,2018,2212P,Natural gas distribution,TRUE,TRUE,2205,kansas,KS
04000US20,Kansas,2017,2017,2212P,Natural gas distribution,TRUE,TRUE,2094,kansas,KS
04000US20,Kansas,2016,2016,2212P,Natural gas distribution,TRUE,TRUE,2172,kansas,KS
04000US20,Kansas,2015,2015,2212P,Natural gas distribution,TRUE,TRUE,2140,kansas,KS
04000US20,Kansas,2014,2014,2212P,Natural gas distribution,TRUE,TRUE,2444,kansas,KS
04000US21,Kentucky,2021,2021,2212P,Natural gas distribution,TRUE,TRUE,1498,kentucky,KY
04000US21,Kentucky,2020,2020,2212P,Natural gas distribution,TRUE,TRUE,1475,kentucky,KY
04000US21,Kentucky,2019,2019,2212P,Natural gas distribution,TRUE,TRUE,1281,kentucky,KY
04000US21,Kentucky,2018,2018,2212P,Natural gas distribution,TRUE,TRUE,1192,kentucky,KY
04000US21,Kentucky,2017,2017,2212P,Natural gas distribution,TRUE,TRUE,1202,kentucky,KY
04000US21,Kentucky,2016,2016,2212P,Natural gas distribution,TRUE,TRUE,951,kentucky,KY
04000US21,Kentucky,2015,2015,2212P,Natural gas distribution,TRUE,TRUE,1251,kentucky,KY
04000US21,Kentucky,2014,2014,2212P,Natural gas distribution,TRUE,TRUE,1346,kentucky,KY
04000US22,Louisiana,2021,2021,2212P,Natural gas distribution,TRUE,TRUE,2356,louisiana,LA
04000US22,Louisiana,2020,2020,2212P,Natural gas distribution,TRUE,TRUE,2075,louisiana,LA
04000US22,Louisiana,2019,2019,2212P,Natural gas distribution,TRUE,TRUE,1992,louisiana,LA
04000US22,Louisiana,2018,2018,2212P,Natural gas distribution,TRUE,TRUE,2215,louisiana,LA
04000US22,Louisiana,2017,2017,2212P,Natural gas distribution,TRUE,TRUE,2349,louisiana,LA
04000US22,Louisiana,2016,2016,2212P,Natural gas distribution,TRUE,TRUE,2329,louisiana,LA
04000US22,Louisiana,2015,2015,2212P,Natural gas distribution,TRUE,TRUE,2604,louisiana,LA
04000US22,Louisiana,2014,2014,2212P,Natural gas distribution,TRUE,TRUE,2638,louisiana,LA
04000US23,Maine,2021,2021,2212P,Natural gas distribution,TRUE,TRUE,514,maine,ME
04000US23,Maine,2020,2020,2212P,Natural gas distribution,TRUE,TRUE,499,maine,ME
04000US23,Maine,2019,2019,2212P,Natural gas distribution,TRUE,TRUE,329,maine,ME
04000US23,Maine,2018,2018,2212P,Natural gas distribution,TRUE,TRUE,282,maine,ME
04000US23,Maine,2017,2017,2212P,Natural gas distribution,TRUE,TRUE,239,maine,ME
04000US23,Maine,2016,2016,2212P,Natural gas distribution,TRUE,TRUE,246,maine,ME
04000US23,Maine,2015,2015,2212P,Natural gas distribution,TRUE,TRUE,244,maine,ME
04000US23,Maine,2014,2014,2212P,Natural gas distribution,TRUE,TRUE,218,maine,ME
04000US24,Maryland,2021,2021,2212P,Natural gas distribution,TRUE,TRUE,1408,maryland,MD
04000US24,Maryland,2020,2020,2212P,Natural gas distribution,TRUE,TRUE,1680,maryland,MD
04000US24,Maryland,2019,2019,2212P,Natural gas distribution,TRUE,TRUE,1803,maryland,MD
04000US24,Maryland,2018,2018,2212P,Natural gas distribution,TRUE,TRUE,1778,maryland,MD
04000US24,Maryland,2017,2017,2212P,Natural gas distribution,TRUE,TRUE,1460,maryland,MD
04000US24,Maryland,2016,2016,2212P,Natural gas distribution,TRUE,TRUE,1162,maryland,MD
04000US24,Maryland,2015,2015,2212P,Natural gas distribution,TRUE,TRUE,867,maryland,MD
04000US24,Maryland,2014,2014,2212P,Natural gas distribution,TRUE,TRUE,731,maryland,MD
04000US25,Massachusetts,2021,2021,2212P,Natural gas distribution,TRUE,TRUE,2485,massachusetts,MA
04000US25,Massachusetts,2020,2020,2212P,Natural gas distribution,TRUE,TRUE,2394,massachusetts,MA
04000US25,Massachusetts,2019,2019,2212P,Natural gas distribution,TRUE,TRUE,2357,massachusetts,MA
04000US25,Massachusetts,2018,2018,2212P,Natural gas distribution,TRUE,TRUE,1924,massachusetts,MA
04000US25,Massachusetts,2017,2017,2212P,Natural gas distribution,TRUE,TRUE,1997,massachusetts,MA
04000US25,Massachusetts,2016,2016,2212P,Natural gas distribution,TRUE,TRUE,1947,massachusetts,MA
04000US25,Massachusetts,2015,2015,2212P,Natural gas distribution,TRUE,TRUE,2172,massachusetts,MA
04000US25,Massachusetts,2014,2014,2212P,Natural gas distribution,TRUE,TRUE,2206,massachusetts,MA
04000US26,Michigan,2021,2021,2212P,Natural gas distribution,TRUE,TRUE,3183,michigan,MI
04000US26,Michigan,2020,2020,2212P,Natural gas distribution,TRUE,TRUE,3163,michigan,MI
04000US26,Michigan,2019,2019,2212P,Natural gas distribution,TRUE,TRUE,3025,michigan,MI
04000US26,Michigan,2018,2018,2212P,Natural gas distribution,TRUE,TRUE,2756,michigan,MI
04000US26,Michigan,2017,2017,2212P,Natural gas distribution,TRUE,TRUE,2454,michigan,MI
04000US26,Michigan,2016,2016,2212P,Natural gas distribution,TRUE,TRUE,2448,michigan,MI
04000US26,Michigan,2015,2015,2212P,Natural gas distribution,TRUE,TRUE,2266,michigan,MI
04000US26,Michigan,2014,2014,2212P,Natural gas distribution,TRUE,TRUE,2783,michigan,MI
04000US27,Minnesota,2021,2021,2212P,Natural gas distribution,TRUE,TRUE,1890,minnesota,MN
04000US27,Minnesota,2020,2020,2212P,Natural gas distribution,TRUE,TRUE,1989,minnesota,MN
04000US27,Minnesota,2019,2019,2212P,Natural gas distribution,TRUE,TRUE,1643,minnesota,MN
04000US27,Minnesota,2018,2018,2212P,Natural gas distribution,TRUE,TRUE,1660,minnesota,MN
04000US27,Minnesota,2017,2017,2212P,Natural gas distribution,TRUE,TRUE,1504,minnesota,MN
04000US27,Minnesota,2016,2016,2212P,Natural gas distribution,TRUE,TRUE,1619,minnesota,MN
04000US27,Minnesota,2015,2015,2212P,Natural gas distribution,TRUE,TRUE,1529,minnesota,MN
04000US27,Minnesota,2014,2014,2212P,Natural gas distribution,TRUE,TRUE,1553,minnesota,MN
04000US28,Mississippi,2021,2021,2212P,Natural gas distribution,TRUE,TRUE,1197,mississippi,MS
04000US28,Mississippi,2020,2020,2212P,Natural gas distribution,TRUE,TRUE,1154,mississippi,MS
04000US28,Mississippi,2019,2019,2212P,Natural gas distribution,TRUE,TRUE,1098,mississippi,MS
04000US28,Mississippi,2018,2018,2212P,Natural gas distribution,TRUE,TRUE,1124,mississippi,MS
04000US28,Mississippi,2017,2017,2212P,Natural gas distribution,TRUE,TRUE,913,mississippi,MS
04000US28,Mississippi,2016,2016,2212P,Natural gas distribution,TRUE,TRUE,892,mississippi,MS
04000US28,Mississippi,2015,2015,2212P,Natural gas distribution,TRUE,TRUE,1027,mississippi,MS
04000US28,Mississippi,2014,2014,2212P,Natural gas distribution,TRUE,TRUE,978,mississippi,MS
04000US29,Missouri,2021,2021,2212P,Natural gas distribution,TRUE,TRUE,2657,missouri,MO
04000US29,Missouri,2020,2020,2212P,Natural gas distribution,TRUE,TRUE,2523,missouri,MO
04000US29,Missouri,2019,2019,2212P,Natural gas distribution,TRUE,TRUE,2421,missouri,MO
04000US29,Missouri,2018,2018,2212P,Natural gas distribution,TRUE,TRUE,2415,missouri,MO
04000US29,Missouri,2017,2017,2212P,Natural gas distribution,TRUE,TRUE,2576,missouri,MO
04000US29,Missouri,2016,2016,2212P,Natural gas distribution,TRUE,TRUE,2711,missouri,MO
04000US29,Missouri,2015,2015,2212P,Natural gas distribution,TRUE,TRUE,2664,missouri,MO
04000US29,Missouri,2014,2014,2212P,Natural gas distribution,TRUE,TRUE,2800,missouri,MO
04000US30,Montana,2021,2021,2212P,Natural gas distribution,TRUE,TRUE,300,montana,MT
04000US30,Montana,2020,2020,2212P,Natural gas distribution,TRUE,TRUE,266,montana,MT
04000US30,Montana,2019,2019,2212P,Natural gas distribution,TRUE,TRUE,278,montana,MT
04000US30,Montana,2018,2018,2212P,Natural gas distribution,TRUE,TRUE,209,montana,MT
04000US30,Montana,2017,2017,2212P,Natural gas distribution,TRUE,TRUE,224,montana,MT
04000US30,Montana,2016,2016,2212P,Natural gas distribution,TRUE,TRUE,192,montana,MT
04000US30,Montana,2015,2015,2212P,Natural gas distribution,TRUE,TRUE,214,montana,MT
04000US30,Montana,2014,2014,2212P,Natural gas distribution,TRUE,TRUE,281,montana,MT
04000US31,Nebraska,2021,2021,2212P,Natural gas distribution,TRUE,TRUE,1069,nebraska,NE
04000US31,Nebraska,2020,2020,2212P,Natural gas distribution,TRUE,TRUE,1134,nebraska,NE
04000US31,Nebraska,2019,2019,2212P,Natural gas distribution,TRUE,TRUE,1059,nebraska,NE
04000US31,Nebraska,2018,2018,2212P,Natural gas distribution,TRUE,TRUE,847,nebraska,NE
04000US31,Nebraska,2017,2017,2212P,Natural gas distribution,TRUE,TRUE,804,nebraska,NE
04000US31,Nebraska,2016,2016,2212P,Natural gas distribution,TRUE,TRUE,880,nebraska,NE
04000US31,Nebraska,2015,2015,2212P,Natural gas distribution,TRUE,TRUE,827,nebraska,NE
04000US31,Nebraska,2014,2014,2212P,Natural gas distribution,TRUE,TRUE,959,nebraska,NE
04000US32,Nevada,2021,2021,2212P,Natural gas distribution,TRUE,TRUE,1142,nevada,NV
04000US32,Nevada,2020,2020,2212P,Natural gas distribution,TRUE,TRUE,1418,nevada,NV
04000US32,Nevada,2019,2019,2212P,Natural gas distribution,TRUE,TRUE,1298,nevada,NV
04000US32,Nevada,2018,2018,2212P,Natural gas distribution,TRUE,TRUE,1324,nevada,NV
04000US32,Nevada,2017,2017,2212P,Natural gas distribution,TRUE,TRUE,1379,nevada,NV
04000US32,Nevada,2016,2016,2212P,Natural gas distribution,TRUE,TRUE,1483,nevada,NV
04000US32,Nevada,2015,2015,2212P,Natural gas distribution,TRUE,TRUE,1230,nevada,NV
04000US32,Nevada,2014,2014,2212P,Natural gas distribution,TRUE,TRUE,1215,nevada,NV
04000US33,New Hampshire,2021,2021,2212P,Natural gas distribution,TRUE,TRUE,293,new-hampshire,NH
04000US33,New Hampshire,2020,2020,2212P,Natural gas distribution,TRUE,TRUE,251,new-hampshire,NH
04000US33,New Hampshire,2019,2019,2212P,Natural gas distribution,TRUE,TRUE,306,new-hampshire,NH
04000US33,New Hampshire,2018,2018,2212P,Natural gas distribution,TRUE,TRUE,267,new-hampshire,NH
04000US33,New Hampshire,2017,2017,2212P,Natural gas distribution,TRUE,TRUE,230,new-hampshire,NH
04000US33,New Hampshire,2016,2016,2212P,Natural gas distribution,TRUE,TRUE,258,new-hampshire,NH
04000US33,New Hampshire,2015,2015,2212P,Natural gas distribution,TRUE,TRUE,267,new-hampshire,NH
04000US33,New Hampshire,2014,2014,2212P,Natural gas distribution,TRUE,TRUE,265,new-hampshire,NH
04000US34,New Jersey,2021,2021,2212P,Natural gas distribution,TRUE,TRUE,3126,new-jersey,NJ
04000US34,New Jersey,2020,2020,2212P,Natural gas distribution,TRUE,TRUE,3203,new-jersey,NJ
04000US34,New Jersey,2019,2019,2212P,Natural gas distribution,TRUE,TRUE,3485,new-jersey,NJ
04000US34,New Jersey,2018,2018,2212P,Natural gas distribution,TRUE,TRUE,2982,new-jersey,NJ
04000US34,New Jersey,2017,2017,2212P,Natural gas distribution,TRUE,TRUE,3025,new-jersey,NJ
04000US34,New Jersey,2016,2016,2212P,Natural gas distribution,TRUE,TRUE,3133,new-jersey,NJ
04000US34,New Jersey,2015,2015,2212P,Natural gas distribution,TRUE,TRUE,2832,new-jersey,NJ
04000US34,New Jersey,2014,2014,2212P,Natural gas distribution,TRUE,TRUE,2803,new-jersey,NJ
04000US35,New Mexico,2021,2021,2212P,Natural gas distribution,TRUE,TRUE,1143,new-mexico,NM
04000US35,New Mexico,2020,2020,2212P,Natural gas distribution,TRUE,TRUE,1139,new-mexico,NM
04000US35,New Mexico,2019,2019,2212P,Natural gas distribution,TRUE,TRUE,1277,new-mexico,NM
04000US35,New Mexico,2018,2018,2212P,Natural gas distribution,TRUE,TRUE,1517,new-mexico,NM
04000US35,New Mexico,2017,2017,2212P,Natural gas distribution,TRUE,TRUE,1705,new-mexico,NM
04000US35,New Mexico,2016,2016,2212P,Natural gas distribution,TRUE,TRUE,1876,new-mexico,NM
04000US35,New Mexico,2015,2015,2212P,Natural gas distribution,TRUE,TRUE,2165,new-mexico,NM
04000US35,New Mexico,2014,2014,2212P,Natural gas distribution,TRUE,TRUE,1794,new-mexico,NM
04000US36,New York,2021,2021,2212P,Natural gas distribution,TRUE,TRUE,4640,new-york,NY
04000US36,New York,2020,2020,2212P,Natural gas distribution,TRUE,TRUE,4240,new-york,NY
04000US36,New York,2019,2019,2212P,Natural gas distribution,TRUE,TRUE,4563,new-york,NY
04000US36,New York,2018,2018,2212P,Natural gas distribution,TRUE,TRUE,4460,new-york,NY
04000US36,New York,2017,2017,2212P,Natural gas distribution,TRUE,TRUE,4090,new-york,NY
04000US36,New York,2016,2016,2212P,Natural gas distribution,TRUE,TRUE,4058,new-york,NY
04000US36,New York,2015,2015,2212P,Natural gas distribution,TRUE,TRUE,4075,new-york,NY
04000US36,New York,2014,2014,2212P,Natural gas distribution,TRUE,TRUE,4118,new-york,NY
04000US37,North Carolina,2021,2021,2212P,Natural gas distribution,TRUE,TRUE,1574,north-carolina,NC
04000US37,North Carolina,2020,2020,2212P,Natural gas distribution,TRUE,TRUE,1824,north-carolina,NC
04000US37,North Carolina,2019,2019,2212P,Natural gas distribution,TRUE,TRUE,2257,north-carolina,NC
04000US37,North Carolina,2018,2018,2212P,Natural gas distribution,TRUE,TRUE,2522,north-carolina,NC
04000US37,North Carolina,2017,2017,2212P,Natural gas distribution,TRUE,TRUE,2929,north-carolina,NC
04000US37,North Carolina,2016,2016,2212P,Natural gas distribution,TRUE,TRUE,3004,north-carolina,NC
04000US37,North Carolina,2015,2015,2212P,Natural gas distribution,TRUE,TRUE,3127,north-carolina,NC
04000US37,North Carolina,2014,2014,2212P,Natural gas distribution,TRUE,TRUE,2985,north-carolina,NC
04000US38,North Dakota,2021,2021,2212P,Natural gas distribution,TRUE,TRUE,883,north-dakota,ND
04000US38,North Dakota,2020,2020,2212P,Natural gas distribution,TRUE,TRUE,700,north-dakota,ND
04000US38,North Dakota,2019,2019,2212P,Natural gas distribution,TRUE,TRUE,523,north-dakota,ND
04000US38,North Dakota,2018,2018,2212P,Natural gas distribution,TRUE,TRUE,576,north-dakota,ND
04000US38,North Dakota,2017,2017,2212P,Natural gas distribution,TRUE,TRUE,420,north-dakota,ND
04000US38,North Dakota,2016,2016,2212P,Natural gas distribution,TRUE,TRUE,364,north-dakota,ND
04000US38,North Dakota,2015,2015,2212P,Natural gas distribution,TRUE,TRUE,278,north-dakota,ND
04000US38,North Dakota,2014,2014,2212P,Natural gas distribution,TRUE,TRUE,277,north-dakota,ND
04000US39,Ohio,2021,2021,2212P,Natural gas distribution,TRUE,TRUE,5218,ohio,OH
04000US39,Ohio,2020,2020,2212P,Natural gas distribution,TRUE,TRUE,4928,ohio,OH
04000US39,Ohio,2019,2019,2212P,Natural gas distribution,TRUE,TRUE,4776,ohio,OH
04000US39,Ohio,2018,2018,2212P,Natural gas distribution,TRUE,TRUE,4846,ohio,OH
04000US39,Ohio,2017,2017,2212P,Natural gas distribution,TRUE,TRUE,5448,ohio,OH
04000US39,Ohio,2016,2016,2212P,Natural gas distribution,TRUE,TRUE,5121,ohio,OH
04000US39,Ohio,2015,2015,2212P,Natural gas distribution,TRUE,TRUE,5146,ohio,OH
04000US39,Ohio,2014,2014,2212P,Natural gas distribution,TRUE,TRUE,5233,ohio,OH
04000US40,Oklahoma,2021,2021,2212P,Natural gas distribution,TRUE,TRUE,5289,oklahoma,OK
04000US40,Oklahoma,2020,2020,2212P,Natural gas distribution,TRUE,TRUE,4887,oklahoma,OK
04000US40,Oklahoma,2019,2019,2212P,Natural gas distribution,TRUE,TRUE,4643,oklahoma,OK
04000US40,Oklahoma,2018,2018,2212P,Natural gas distribution,TRUE,TRUE,4748,oklahoma,OK
04000US40,Oklahoma,2017,2017,2212P,Natural gas distribution,TRUE,TRUE,5359,oklahoma,OK
04000US40,Oklahoma,2016,2016,2212P,Natural gas distribution,TRUE,TRUE,5995,oklahoma,OK
04000US40,Oklahoma,2015,2015,2212P,Natural gas distribution,TRUE,TRUE,6168,oklahoma,OK
04000US40,Oklahoma,2014,2014,2212P,Natural gas distribution,TRUE,TRUE,6127,oklahoma,OK
04000US41,Oregon,2021,2021,2212P,Natural gas distribution,TRUE,TRUE,1536,oregon,OR
04000US41,Oregon,2020,2020,2212P,Natural gas distribution,TRUE,TRUE,1221,oregon,OR
04000US41,Oregon,2019,2019,2212P,Natural gas distribution,TRUE,TRUE,1301,oregon,OR
04000US41,Oregon,2018,2018,2212P,Natural gas distribution,TRUE,TRUE,1409,oregon,OR
04000US41,Oregon,2017,2017,2212P,Natural gas distribution,TRUE,TRUE,1162,oregon,OR
04000US41,Oregon,2016,2016,2212P,Natural gas distribution,TRUE,TRUE,1258,oregon,OR
04000US41,Oregon,2015,2015,2212P,Natural gas distribution,TRUE,TRUE,1370,oregon,OR
04000US41,Oregon,2014,2014,2212P,Natural gas distribution,TRUE,TRUE,1325,oregon,OR
04000US42,Pennsylvania,2021,2021,2212P,Natural gas distribution,TRUE,TRUE,10533,pennsylvania,PA
04000US42,Pennsylvania,2020,2020,2212P,Natural gas distribution,TRUE,TRUE,10730,pennsylvania,PA
04000US42,Pennsylvania,2019,2019,2212P,Natural gas distribution,TRUE,TRUE,9903,pennsylvania,PA
04000US42,Pennsylvania,2018,2018,2212P,Natural gas distribution,TRUE,TRUE,9790,pennsylvania,PA
04000US42,Pennsylvania,2017,2017,2212P,Natural gas distribution,TRUE,TRUE,9799,pennsylvania,PA
04000US42,Pennsylvania,2016,2016,2212P,Natural gas distribution,TRUE,TRUE,8863,pennsylvania,PA
04000US42,Pennsylvania,2015,2015,2212P,Natural gas distribution,TRUE,TRUE,8382,pennsylvania,PA
04000US42,Pennsylvania,2014,2014,2212P,Natural gas distribution,TRUE,TRUE,8617,pennsylvania,PA
04000US72,Puerto Rico,2021,2021,2212P,Natural gas distribution,TRUE,TRUE,179,puerto-rico,PR
04000US72,Puerto Rico,2020,2020,2212P,Natural gas distribution,TRUE,TRUE,188,puerto-rico,PR
04000US72,Puerto Rico,2019,2019,2212P,Natural gas distribution,TRUE,TRUE,223,puerto-rico,PR
04000US72,Puerto Rico,2018,2018,2212P,Natural gas distribution,TRUE,TRUE,152,puerto-rico,PR
04000US72,Puerto Rico,2017,2017,2212P,Natural gas distribution,TRUE,TRUE,133,puerto-rico,PR
04000US72,Puerto Rico,2016,2016,2212P,Natural gas distribution,TRUE,TRUE,101,puerto-rico,PR
04000US72,Puerto Rico,2015,2015,2212P,Natural gas distribution,TRUE,TRUE,101,puerto-rico,PR
04000US72,Puerto Rico,2014,2014,2212P,Natural gas distribution,TRUE,TRUE,81,puerto-rico,PR
04000US44,Rhode Island,2021,2021,2212P,Natural gas distribution,TRUE,TRUE,383,rhode-island,RI
04000US44,Rhode Island,2020,2020,2212P,Natural gas distribution,TRUE,TRUE,312,rhode-island,RI
04000US44,Rhode Island,2019,2019,2212P,Natural gas distribution,TRUE,TRUE,251,rhode-island,RI
04000US44,Rhode Island,2018,2018,2212P,Natural gas distribution,TRUE,TRUE,233,rhode-island,RI
04000US44,Rhode Island,2017,2017,2212P,Natural gas distribution,TRUE,TRUE,292,rhode-island,RI
04000US44,Rhode Island,2016,2016,2212P,Natural gas distribution,TRUE,TRUE,209,rhode-island,RI
04000US44,Rhode Island,2015,2015,2212P,Natural gas distribution,TRUE,TRUE,280,rhode-island,RI
04000US44,Rhode Island,2014,2014,2212P,Natural gas distribution,TRUE,TRUE,203,rhode-island,RI
04000US45,South Carolina,2021,2021,2212P,Natural gas distribution,TRUE,TRUE,1340,south-carolina,SC
04000US45,South Carolina,2020,2020,2212P,Natural gas distribution,TRUE,TRUE,1367,south-carolina,SC
04000US45,South Carolina,2019,2019,2212P,Natural gas distribution,TRUE,TRUE,1280,south-carolina,SC
04000US45,South Carolina,2018,2018,2212P,Natural gas distribution,TRUE,TRUE,1154,south-carolina,SC
04000US45,South Carolina,2017,2017,2212P,Natural gas distribution,TRUE,TRUE,1103,south-carolina,SC
04000US45,South Carolina,2016,2016,2212P,Natural gas distribution,TRUE,TRUE,1003,south-carolina,SC
04000US45,South Carolina,2015,2015,2212P,Natural gas distribution,TRUE,TRUE,1016,south-carolina,SC
04000US45,South Carolina,2014,2014,2212P,Natural gas distribution,TRUE,TRUE,993,south-carolina,SC
04000US46,South Dakota,2021,2021,2212P,Natural gas distribution,TRUE,TRUE,123,south-dakota,SD
04000US46,South Dakota,2020,2020,2212P,Natural gas distribution,TRUE,TRUE,81,south-dakota,SD
04000US46,South Dakota,2019,2019,2212P,Natural gas distribution,TRUE,TRUE,109,south-dakota,SD
04000US46,South Dakota,2018,2018,2212P,Natural gas distribution,TRUE,TRUE,49,south-dakota,SD
04000US46,South Dakota,2017,2017,2212P,Natural gas distribution,TRUE,TRUE,37,south-dakota,SD
04000US46,South Dakota,2016,2016,2212P,Natural gas distribution,TRUE,TRUE,34,south-dakota,SD
04000US46,South Dakota,2015,2015,2212P,Natural gas distribution,TRUE,TRUE,34,south-dakota,SD
04000US46,South Dakota,2014,2014,2212P,Natural gas distribution,TRUE,TRUE,69,south-dakota,SD
04000US47,Tennessee,2021,2021,2212P,Natural gas distribution,TRUE,TRUE,1714,tennessee,TN
04000US47,Tennessee,2020,2020,2212P,Natural gas distribution,TRUE,TRUE,1859,tennessee,TN
04000US47,Tennessee,2019,2019,2212P,Natural gas distribution,TRUE,TRUE,2120,tennessee,TN
04000US47,Tennessee,2018,2018,2212P,Natural gas distribution,TRUE,TRUE,2082,tennessee,TN
04000US47,Tennessee,2017,2017,2212P,Natural gas distribution,TRUE,TRUE,2157,tennessee,TN
04000US47,Tennessee,2016,2016,2212P,Natural gas distribution,TRUE,TRUE,2006,tennessee,TN
04000US47,Tennessee,2015,2015,2212P,Natural gas distribution,TRUE,TRUE,1942,tennessee,TN
04000US47,Tennessee,2014,2014,2212P,Natural gas distribution,TRUE,TRUE,1945,tennessee,TN
04000US48,Texas,2021,2021,2212P,Natural gas distribution,TRUE,TRUE,14949,texas,TX
04000US48,Texas,2020,2020,2212P,Natural gas distribution,TRUE,TRUE,13879,texas,TX
04000US48,Texas,2019,2019,2212P,Natural gas distribution,TRUE,TRUE,13580,texas,TX
04000US48,Texas,2018,2018,2212P,Natural gas distribution,TRUE,TRUE,13623,texas,TX
04000US48,Texas,2017,2017,2212P,Natural gas distribution,TRUE,TRUE,14233,texas,TX
04000US48,Texas,2016,2016,2212P,Natural gas distribution,TRUE,TRUE,14343,texas,TX
04000US48,Texas,2015,2015,2212P,Natural gas distribution,TRUE,TRUE,15383,texas,TX
04000US48,Texas,2014,2014,2212P,Natural gas distribution,TRUE,TRUE,15902,texas,TX
04000US49,Utah,2021,2021,2212P,Natural gas distribution,TRUE,TRUE,1140,utah,UT
04000US49,Utah,2020,2020,2212P,Natural gas distribution,TRUE,TRUE,1293,utah,UT
04000US49,Utah,2019,2019,2212P,Natural gas distribution,TRUE,TRUE,1302,utah,UT
04000US49,Utah,2018,2018,2212P,Natural gas distribution,TRUE,TRUE,1168,utah,UT
04000US49,Utah,2017,2017,2212P,Natural gas distribution,TRUE,TRUE,1386,utah,UT
04000US49,Utah,2016,2016,2212P,Natural gas distribution,TRUE,TRUE,1447,utah,UT
04000US49,Utah,2015,2015,2212P,Natural gas distribution,TRUE,TRUE,1483,utah,UT
04000US49,Utah,2014,2014,2212P,Natural gas distribution,TRUE,TRUE,1506,utah,UT
04000US50,Vermont,2021,2021,2212P,Natural gas distribution,TRUE,TRUE,43,vermont,VT
04000US50,Vermont,2020,2020,2212P,Natural gas distribution,TRUE,TRUE,27,vermont,VT
04000US50,Vermont,2019,2019,2212P,Natural gas distribution,TRUE,TRUE,28,vermont,VT
04000US50,Vermont,2018,2018,2212P,Natural gas distribution,TRUE,TRUE,22,vermont,VT
04000US50,Vermont,2017,2017,2212P,Natural gas distribution,TRUE,TRUE,65,vermont,VT
04000US50,Vermont,2016,2016,2212P,Natural gas distribution,TRUE,TRUE,95,vermont,VT
04000US50,Vermont,2015,2015,2212P,Natural gas distribution,TRUE,TRUE,82,vermont,VT
04000US50,Vermont,2014,2014,2212P,Natural gas distribution,TRUE,TRUE,152,vermont,VT
04000US51,Virginia,2021,2021,2212P,Natural gas distribution,TRUE,TRUE,2822,virginia,VA
04000US51,Virginia,2020,2020,2212P,Natural gas distribution,TRUE,TRUE,2780,virginia,VA
04000US51,Virginia,2019,2019,2212P,Natural gas distribution,TRUE,TRUE,2595,virginia,VA
04000US51,Virginia,2018,2018,2212P,Natural gas distribution,TRUE,TRUE,2639,virginia,VA
04000US51,Virginia,2017,2017,2212P,Natural gas distribution,TRUE,TRUE,1790,virginia,VA
04000US51,Virginia,2016,2016,2212P,Natural gas distribution,TRUE,TRUE,1722,virginia,VA
04000US51,Virginia,2015,2015,2212P,Natural gas distribution,TRUE,TRUE,1973,virginia,VA
04000US51,Virginia,2014,2014,2212P,Natural gas distribution,TRUE,TRUE,2027,virginia,VA
04000US53,Washington,2021,2021,2212P,Natural gas distribution,TRUE,TRUE,977,washington,WA
04000US53,Washington,2020,2020,2212P,Natural gas distribution,TRUE,TRUE,962,washington,WA
04000US53,Washington,2019,2019,2212P,Natural gas distribution,TRUE,TRUE,852,washington,WA
04000US53,Washington,2018,2018,2212P,Natural gas distribution,TRUE,TRUE,644,washington,WA
04000US53,Washington,2017,2017,2212P,Natural gas distribution,TRUE,TRUE,707,washington,WA
04000US53,Washington,2016,2016,2212P,Natural gas distribution,TRUE,TRUE,683,washington,WA
04000US53,Washington,2015,2015,2212P,Natural gas distribution,TRUE,TRUE,814,washington,WA
04000US53,Washington,2014,2014,2212P,Natural gas distribution,TRUE,TRUE,939,washington,WA
04000US54,West Virginia,2021,2021,2212P,Natural gas distribution,TRUE,TRUE,2410,west-virginia,WV
04000US54,West Virginia,2020,2020,2212P,Natural gas distribution,TRUE,TRUE,2425,west-virginia,WV
04000US54,West Virginia,2019,2019,2212P,Natural gas distribution,TRUE,TRUE,2404,west-virginia,WV
04000US54,West Virginia,2018,2018,2212P,Natural gas distribution,TRUE,TRUE,2791,west-virginia,WV
04000US54,West Virginia,2017,2017,2212P,Natural gas distribution,TRUE,TRUE,2567,west-virginia,WV
04000US54,West Virginia,2016,2016,2212P,Natural gas distribution,TRUE,TRUE,2550,west-virginia,WV
04000US54,West Virginia,2015,2015,2212P,Natural gas distribution,TRUE,TRUE,2365,west-virginia,WV
04000US54,West Virginia,2014,2014,2212P,Natural gas distribution,TRUE,TRUE,2197,west-virginia,WV
04000US55,Wisconsin,2021,2021,2212P,Natural gas distribution,TRUE,TRUE,1154,wisconsin,WI
04000US55,Wisconsin,2020,2020,2212P,Natural gas distribution,TRUE,TRUE,1321,wisconsin,WI
04000US55,Wisconsin,2019,2019,2212P,Natural gas distribution,TRUE,TRUE,1375,wisconsin,WI
04000US55,Wisconsin,2018,2018,2212P,Natural gas distribution,TRUE,TRUE,1320,wisconsin,WI
04000US55,Wisconsin,2017,2017,2212P,Natural gas distribution,TRUE,TRUE,1277,wisconsin,WI
04000US55,Wisconsin,2016,2016,2212P,Natural gas distribution,TRUE,TRUE,1143,wisconsin,WI
04000US55,Wisconsin,2015,2015,2212P,Natural gas distribution,TRUE,TRUE,1007,wisconsin,WI
04000US55,Wisconsin,2014,2014,2212P,Natural gas distribution,TRUE,TRUE,1055,wisconsin,WI
04000US56,Wyoming,2021,2021,2212P,Natural gas distribution,TRUE,TRUE,720,wyoming,WY
04000US56,Wyoming,2020,2020,2212P,Natural gas distribution,TRUE,TRUE,661,wyoming,WY
04000US56,Wyoming,2019,2019,2212P,Natural gas distribution,TRUE,TRUE,674,wyoming,WY
04000US56,Wyoming,2018,2018,2212P,Natural gas distribution,TRUE,TRUE,631,wyoming,WY
04000US56,Wyoming,2017,2017,2212P,Natural gas distribution,TRUE,TRUE,617,wyoming,WY
04000US56,Wyoming,2016,2016,2212P,Natural gas distribution,TRUE,TRUE,731,wyoming,WY
04000US56,Wyoming,2015,2015,2212P,Natural gas distribution,TRUE,TRUE,869,wyoming,WY
04000US56,Wyoming,2014,2014,2212P,Natural gas distribution,TRUE,TRUE,834,wyoming,WY