﻿Year, prices ,sector
1997,6.94, Residential 
1998,6.82, Residential 
1999,6.69, Residential 
2000,7.76, Residential 
2001,9.63, Residential 
2002,7.89, Residential 
2003,9.63, Residential 
2004,10.75, Residential 
2005,12.7, Residential 
2006,13.73, Residential 
2007,13.08, Residential 
2008,13.89, Residential 
2009,12.14, Residential 
2010,11.39, Residential 
2011,11.03, Residential 
2012,10.65, Residential 
2013,10.32, Residential 
2014,10.97, Residential 
2015,10.38, Residential 
2016,10.05, Residential 
2017,10.91, Residential 
2018,10.5, Residential 
2019,10.51, Residential 
2020,10.78, Residential 
2021,12.18, Residential 
2022,14.75, Residential 
2023,15.23, Residential 
1997,3.59, Industrial 
1998,3.14, Industrial 
1999,3.12, Industrial 
2000,4.45, Industrial 
2001,5.24, Industrial 
2002,4.02, Industrial 
2003,5.89, Industrial 
2004,6.53, Industrial 
2005,8.56, Industrial 
2006,7.87, Industrial 
2007,7.68, Industrial 
2008,9.65, Industrial 
2009,5.33, Industrial 
2010,5.49, Industrial 
2011,5.13, Industrial 
2012,3.88, Industrial 
2013,4.64, Industrial 
2014,5.62, Industrial 
2015,3.93, Industrial 
2016,3.51, Industrial 
2017,4.08, Industrial 
2018,4.19, Industrial 
2019,3.9, Industrial 
2020,3.32, Industrial 
2021,5.44, Industrial 
2022,7.66, Industrial 
2023,4.59, Industrial 
1997,5.8,Commercial 
1998,5.48,Commercial 
1999,5.33,Commercial 
2000,6.59,Commercial 
2001,8.43,Commercial 
2002,6.63,Commercial 
2003,8.4,Commercial 
2004,9.43,Commercial 
2005,11.34,Commercial 
2006,12,Commercial 
2007,11.34,Commercial 
2008,12.23,Commercial 
2009,10.06,Commercial 
2010,9.47,Commercial 
2011,8.91,Commercial 
2012,8.1,Commercial 
2013,8.08,Commercial 
2014,8.9,Commercial 
2015,7.91,Commercial 
2016,7.28,Commercial 
2017,7.88,Commercial 
2018,7.79,Commercial 
2019,7.61,Commercial 
2020,7.48,Commercial 
2021,8.79,Commercial 
2022,11.32,Commercial 
2023,10.92,Commercial 
1997,2.78,Electric Power Price 
1998,2.4,Electric Power Price 
1999,2.62,Electric Power Price 
2000,4.38,Electric Power Price 
2001,4.61,Electric Power Price 
2002,3.68,Electric Power Price 
2003,5.57,Electric Power Price 
2004,6.11,Electric Power Price 
2005,8.47,Electric Power Price 
2006,7.11,Electric Power Price 
2007,7.31,Electric Power Price 
2008,9.26,Electric Power Price 
2009,4.93,Electric Power Price 
2010,5.27,Electric Power Price 
2011,4.89,Electric Power Price 
2012,3.54,Electric Power Price 
2013,4.49,Electric Power Price 
2014,5.19,Electric Power Price 
2015,3.38,Electric Power Price 
2016,2.99,Electric Power Price 
2017,3.51,Electric Power Price 
2018,3.68,Electric Power Price 
2019,2.99,Electric Power Price 
2020,2.49,Electric Power Price 
2021,5.43,Electric Power Price 
2022,7.51,Electric Power Price 
2023,3.49,Electric Power Price 