ID Year,Year,ID Gender,Gender,ID Age,ID Industry Group,Industry Group,ID Workforce Status,Workforce Status,Total Population,Starting Age,Ending Age,Percentage,Age Group
2021,2021,2,Female,16,2212P,Natural gas distribution,TRUE,TRUE,81,16,19,21.71581769,16 to 19
2021,2021,2,Female,20,2212P,Natural gas distribution,TRUE,TRUE,1278,20,24,22.16056875,20 to 24
2021,2021,2,Female,25,2212P,Natural gas distribution,TRUE,TRUE,2619,25,29,20.32911589,25 to 29
2021,2021,2,Female,30,2212P,Natural gas distribution,TRUE,TRUE,3399,30,34,21.03471749,30 to 34
2021,2021,2,Female,35,2212P,Natural gas distribution,TRUE,TRUE,2729,35,39,16.89051185,35 to 39
2021,2021,2,Female,40,2212P,Natural gas distribution,TRUE,TRUE,2214,40,44,16.11236446,40 to 44
2021,2021,2,Female,45,2212P,Natural gas distribution,TRUE,TRUE,3564,45,49,26.71463908,45 to 49
2021,2021,2,Female,50,2212P,Natural gas distribution,TRUE,TRUE,3371,50,54,22.82329045,50 to 54
2021,2021,2,Female,55,2212P,Natural gas distribution,TRUE,TRUE,3789,55,59,23.73613982,55 to 59
2021,2021,2,Female,60,2212P,Natural gas distribution,TRUE,TRUE,2665,60,64,25.28223129,60 to 64
2021,2021,2,Female,65,2212P,Natural gas distribution,TRUE,TRUE,670,65,69,19.48240768,65 to 69
2021,2021,2,Female,70,2212P,Natural gas distribution,TRUE,TRUE,96,70,74,15.48387097,70 to 74
2021,2021,2,Female,78,2212P,Natural gas distribution,TRUE,TRUE,18,75,79,13.63636364,75 to 79
2021,2021,2,Female,80,2212P,Natural gas distribution,TRUE,TRUE,20,80,84,31.25,80 to 84
,2021,,Female,,,,,,0,85,87,0,85 to 87
2020,2020,2,Female,16,2212P,Natural gas distribution,TRUE,TRUE,78,16,19,18.13953488,16 to 19
2020,2020,2,Female,20,2212P,Natural gas distribution,TRUE,TRUE,1354,20,24,22.33586275,20 to 24
2020,2020,2,Female,25,2212P,Natural gas distribution,TRUE,TRUE,2656,25,29,19.52510476,25 to 29
2020,2020,2,Female,30,2212P,Natural gas distribution,TRUE,TRUE,3196,30,34,21.58584358,30 to 34
2020,2020,2,Female,35,2212P,Natural gas distribution,TRUE,TRUE,2909,35,39,19.38945544,35 to 39
2020,2020,2,Female,40,2212P,Natural gas distribution,TRUE,TRUE,2273,40,44,18.35729284,40 to 44
2020,2020,2,Female,45,2212P,Natural gas distribution,TRUE,TRUE,3608,45,49,26.7437551,45 to 49
2020,2020,2,Female,50,2212P,Natural gas distribution,TRUE,TRUE,3702,50,54,23.87308957,50 to 54
2020,2020,2,Female,55,2212P,Natural gas distribution,TRUE,TRUE,3588,55,59,23.41119666,55 to 59
2020,2020,2,Female,60,2212P,Natural gas distribution,TRUE,TRUE,2466,60,64,24.50074516,60 to 64
2020,2020,2,Female,65,2212P,Natural gas distribution,TRUE,TRUE,578,65,69,17.60584831,65 to 69
2020,2020,2,Female,70,2212P,Natural gas distribution,TRUE,TRUE,138,70,74,21.93958665,70 to 74
2020,2020,2,Female,75,2212P,Natural gas distribution,TRUE,TRUE,31,75,79,28.44036697,75 to 79
2020,2020,2,Female,80,2212P,Natural gas distribution,TRUE,TRUE,21,80,84,65.625,80 to 84
,2020,,Female,,,,,,0,85,87,0,85 to 87
2019,2019,2,Female,16,2212P,Natural gas distribution,TRUE,TRUE,87,16,19,18.04979253,16 to 19
2019,2019,2,Female,20,2212P,Natural gas distribution,TRUE,TRUE,892,20,24,15.72083186,20 to 24
2019,2019,2,Female,25,2212P,Natural gas distribution,TRUE,TRUE,2568,25,29,19.52851711,25 to 29
2019,2019,2,Female,30,2212P,Natural gas distribution,TRUE,TRUE,3274,30,34,22.31005111,30 to 34
2019,2019,2,Female,35,2212P,Natural gas distribution,TRUE,TRUE,3033,35,39,21.53813379,35 to 39
2019,2019,2,Female,40,2212P,Natural gas distribution,TRUE,TRUE,2236,40,44,18.44732283,40 to 44
2019,2019,2,Female,45,2212P,Natural gas distribution,TRUE,TRUE,3194,45,49,23.51295642,45 to 49
2019,2019,2,Female,50,2212P,Natural gas distribution,TRUE,TRUE,3553,50,54,22.67824089,50 to 54
2019,2019,2,Female,55,2212P,Natural gas distribution,TRUE,TRUE,3485,55,59,24.19130918,55 to 59
2019,2019,2,Female,60,2212P,Natural gas distribution,TRUE,TRUE,2523,60,64,27.35255854,60 to 64
2019,2019,2,Female,65,2212P,Natural gas distribution,TRUE,TRUE,656,65,69,21.93246406,65 to 69
2019,2019,2,Female,70,2212P,Natural gas distribution,TRUE,TRUE,128,70,74,18.36441894,70 to 74
2019,2019,2,Female,75,2212P,Natural gas distribution,TRUE,TRUE,57,75,78,61.95652174,75 to 78
2019,2019,2,Female,80,2212P,Natural gas distribution,TRUE,TRUE,20,80,84,37.73584906,80 to 84
,2019,,Female,,,,,,0,85,87,0,85 to 87
2018,2018,2,Female,16,2212P,Natural gas distribution,TRUE,TRUE,45,16,19,10.7398568,16 to 19
2018,2018,2,Female,20,2212P,Natural gas distribution,TRUE,TRUE,912,20,24,17.20754717,20 to 24
2018,2018,2,Female,25,2212P,Natural gas distribution,TRUE,TRUE,3029,25,29,23.51890675,25 to 29
2018,2018,2,Female,30,2212P,Natural gas distribution,TRUE,TRUE,3294,30,34,23.28244275,30 to 34
2018,2018,2,Female,35,2212P,Natural gas distribution,TRUE,TRUE,3263,35,39,23.6004629,35 to 39
2018,2018,2,Female,40,2212P,Natural gas distribution,TRUE,TRUE,2600,40,44,21.19162116,40 to 44
2018,2018,2,Female,45,2212P,Natural gas distribution,TRUE,TRUE,3533,45,49,25.23030779,45 to 49
2018,2018,2,Female,50,2212P,Natural gas distribution,TRUE,TRUE,3655,50,54,23.04685037,50 to 54
2018,2018,2,Female,55,2212P,Natural gas distribution,TRUE,TRUE,3680,55,59,24.63021217,55 to 59
2018,2018,2,Female,60,2212P,Natural gas distribution,TRUE,TRUE,2455,60,64,27.73384546,60 to 64
2018,2018,2,Female,65,2212P,Natural gas distribution,TRUE,TRUE,754,65,69,23.61415597,65 to 69
2018,2018,2,Female,70,2212P,Natural gas distribution,TRUE,TRUE,132,70,74,20.2764977,70 to 74
2018,2018,2,Female,75,2212P,Natural gas distribution,TRUE,TRUE,50,75,78,35.71428571,75 to 78
2018,2018,2,Female,80,2212P,Natural gas distribution,TRUE,TRUE,21,80,84,38.88888889,80 to 84
,2018,,Female,,,,,,0,85,85,0,85 to 85
2017,2017,2,Female,16,2212P,Natural gas distribution,TRUE,TRUE,71,16,19,17.75,16 to 19
2017,2017,2,Female,20,2212P,Natural gas distribution,TRUE,TRUE,1073,20,24,20.58315749,20 to 24
2017,2017,2,Female,25,2212P,Natural gas distribution,TRUE,TRUE,2961,25,29,23.7965121,25 to 29
2017,2017,2,Female,30,2212P,Natural gas distribution,TRUE,TRUE,3270,30,34,24.8555792,30 to 34
2017,2017,2,Female,35,2212P,Natural gas distribution,TRUE,TRUE,3375,35,39,24.46183953,35 to 39
2017,2017,2,Female,40,2212P,Natural gas distribution,TRUE,TRUE,3020,40,44,23.37280396,40 to 44
2017,2017,2,Female,45,2212P,Natural gas distribution,TRUE,TRUE,3687,45,49,25.93921486,45 to 49
2017,2017,2,Female,50,2212P,Natural gas distribution,TRUE,TRUE,4006,50,54,22.87051838,50 to 54
2017,2017,2,Female,55,2212P,Natural gas distribution,TRUE,TRUE,4229,55,59,26.50081464,55 to 59
2017,2017,2,Female,60,2212P,Natural gas distribution,TRUE,TRUE,2614,60,64,30.00803582,60 to 64
2017,2017,2,Female,65,2212P,Natural gas distribution,TRUE,TRUE,694,65,69,25.82806103,65 to 69
2017,2017,2,Female,70,2212P,Natural gas distribution,TRUE,TRUE,166,70,74,26.8174475,70 to 74
2017,2017,2,Female,75,2212P,Natural gas distribution,TRUE,TRUE,89,75,78,54.9382716,75 to 78
2017,2017,2,Female,80,2212P,Natural gas distribution,TRUE,TRUE,21,80,84,25.92592593,80 to 84
,2017,,Female,,,,,,0,85,85,0,85 to 85
2016,2016,2,Female,17,2212P,Natural gas distribution,TRUE,TRUE,42,17,19,13.125,17 to 19
2016,2016,2,Female,20,2212P,Natural gas distribution,TRUE,TRUE,1102,20,24,21.32765628,20 to 24
2016,2016,2,Female,25,2212P,Natural gas distribution,TRUE,TRUE,2732,25,29,23.2946794,25 to 29
2016,2016,2,Female,30,2212P,Natural gas distribution,TRUE,TRUE,2977,30,34,24.09550789,30 to 34
2016,2016,2,Female,35,2212P,Natural gas distribution,TRUE,TRUE,3237,35,39,24.74581454,35 to 39
2016,2016,2,Female,40,2212P,Natural gas distribution,TRUE,TRUE,3132,40,44,25.69740729,40 to 44
2016,2016,2,Female,45,2212P,Natural gas distribution,TRUE,TRUE,3781,45,49,25.4048243,45 to 49
2016,2016,2,Female,50,2212P,Natural gas distribution,TRUE,TRUE,4073,50,54,23.03342193,50 to 54
2016,2016,2,Female,55,2212P,Natural gas distribution,TRUE,TRUE,4020,55,59,25.48820695,55 to 59
2016,2016,2,Female,60,2212P,Natural gas distribution,TRUE,TRUE,2291,60,64,27.60906242,60 to 64
2016,2016,2,Female,65,2212P,Natural gas distribution,TRUE,TRUE,634,65,69,27.74617068,65 to 69
2016,2016,2,Female,70,2212P,Natural gas distribution,TRUE,TRUE,149,70,74,24.42622951,70 to 74
2016,2016,2,Female,75,2212P,Natural gas distribution,TRUE,TRUE,109,75,78,56.77083333,75 to 78
,2016,,Female,,,,,,0,80,84,0,80 to 84
,2016,,Female,,,,,,0,85,85,0,85 to 85
2015,2015,2,Female,17,2212P,Natural gas distribution,TRUE,TRUE,40,17,19,17.24137931,17 to 19
2015,2015,2,Female,20,2212P,Natural gas distribution,TRUE,TRUE,1133,20,24,22.86117837,20 to 24
2015,2015,2,Female,25,2212P,Natural gas distribution,TRUE,TRUE,3107,25,29,26.13340062,25 to 29
2015,2015,2,Female,30,2212P,Natural gas distribution,TRUE,TRUE,2991,30,34,25.55536569,30 to 34
2015,2015,2,Female,35,2212P,Natural gas distribution,TRUE,TRUE,3418,35,39,26.72609274,35 to 39
2015,2015,2,Female,40,2212P,Natural gas distribution,TRUE,TRUE,3420,40,44,25.60263513,40 to 44
2015,2015,2,Female,45,2212P,Natural gas distribution,TRUE,TRUE,3690,45,49,23.69637811,45 to 49
2015,2015,2,Female,50,2212P,Natural gas distribution,TRUE,TRUE,4201,50,54,23.00153307,50 to 54
2015,2015,2,Female,55,2212P,Natural gas distribution,TRUE,TRUE,3942,55,59,24.48599292,55 to 59
2015,2015,2,Female,60,2212P,Natural gas distribution,TRUE,TRUE,2063,60,64,26.70895909,60 to 64
2015,2015,2,Female,65,2212P,Natural gas distribution,TRUE,TRUE,636,65,69,30.78412391,65 to 69
2015,2015,2,Female,70,2212P,Natural gas distribution,TRUE,TRUE,105,70,74,20.83333333,70 to 74
2015,2015,2,Female,75,2212P,Natural gas distribution,TRUE,TRUE,139,75,79,56.96721311,75 to 79
,2015,,Female,,,,,,0,80,84,0,80 to 84
,2015,,Female,,,,,,0,85,85,0,85 to 85
2014,2014,2,Female,17,2212P,Natural gas distribution,TRUE,TRUE,136,17,19,52.50965251,17 to 19
2014,2014,2,Female,20,2212P,Natural gas distribution,TRUE,TRUE,1121,20,24,23.97348161,20 to 24
2014,2014,2,Female,25,2212P,Natural gas distribution,TRUE,TRUE,3269,25,29,27.2462077,25 to 29
2014,2014,2,Female,30,2212P,Natural gas distribution,TRUE,TRUE,2847,30,34,25.1835471,30 to 34
2014,2014,2,Female,35,2212P,Natural gas distribution,TRUE,TRUE,3264,35,39,25.87601078,35 to 39
2014,2014,2,Female,40,2212P,Natural gas distribution,TRUE,TRUE,3575,40,44,25.96600813,40 to 44
2014,2014,2,Female,45,2212P,Natural gas distribution,TRUE,TRUE,3903,45,49,23.84093824,45 to 49
2014,2014,2,Female,50,2212P,Natural gas distribution,TRUE,TRUE,4678,50,54,24.24462296,50 to 54
2014,2014,2,Female,55,2212P,Natural gas distribution,TRUE,TRUE,3915,55,59,23.39688042,55 to 59
2014,2014,2,Female,60,2212P,Natural gas distribution,TRUE,TRUE,1977,60,64,26.87601958,60 to 64
2014,2014,2,Female,65,2212P,Natural gas distribution,TRUE,TRUE,574,65,69,30.00522739,65 to 69
2014,2014,2,Female,70,2212P,Natural gas distribution,TRUE,TRUE,74,70,74,19.89247312,70 to 74
2014,2014,2,Female,75,2212P,Natural gas distribution,TRUE,TRUE,116,75,79,52.72727273,75 to 79
,2014,,Female,,,,,,0,84,84,0,84 to 84
,2014,,Female,,,,,,0,85,85,0,85 to 85
2021,2021,1,Male,16,2212P,Natural gas distribution,TRUE,TRUE,292,16,19,78.28418231,16 to 19
2021,2021,1,Male,20,2212P,Natural gas distribution,TRUE,TRUE,4489,20,24,77.83943125,20 to 24
2021,2021,1,Male,25,2212P,Natural gas distribution,TRUE,TRUE,10264,25,29,79.67088411,25 to 29
2021,2021,1,Male,30,2212P,Natural gas distribution,TRUE,TRUE,12760,30,34,78.96528251,30 to 34
2021,2021,1,Male,35,2212P,Natural gas distribution,TRUE,TRUE,13428,35,39,83.10948815,35 to 39
2021,2021,1,Male,40,2212P,Natural gas distribution,TRUE,TRUE,11527,40,44,83.88763554,40 to 44
2021,2021,1,Male,45,2212P,Natural gas distribution,TRUE,TRUE,9777,45,49,73.28536092,45 to 49
2021,2021,1,Male,50,2212P,Natural gas distribution,TRUE,TRUE,11399,50,54,77.17670955,50 to 54
2021,2021,1,Male,55,2212P,Natural gas distribution,TRUE,TRUE,12174,55,59,76.26386018,55 to 59
2021,2021,1,Male,60,2212P,Natural gas distribution,TRUE,TRUE,7876,60,64,74.71776871,60 to 64
2021,2021,1,Male,65,2212P,Natural gas distribution,TRUE,TRUE,2769,65,69,80.51759232,65 to 69
2021,2021,1,Male,70,2212P,Natural gas distribution,TRUE,TRUE,524,70,74,84.51612903,70 to 74
2021,2021,1,Male,75,2212P,Natural gas distribution,TRUE,TRUE,114,75,79,86.36363636,75 to 79
2021,2021,1,Male,82,2212P,Natural gas distribution,TRUE,TRUE,44,80,84,68.75,80 to 84
2021,2021,1,Male,85,2212P,Natural gas distribution,TRUE,TRUE,16,85,87,100,85 to 87
2020,2020,1,Male,16,2212P,Natural gas distribution,TRUE,TRUE,352,16,19,81.86046512,16 to 19
2020,2020,1,Male,20,2212P,Natural gas distribution,TRUE,TRUE,4708,20,24,77.66413725,20 to 24
2020,2020,1,Male,25,2212P,Natural gas distribution,TRUE,TRUE,10947,25,29,80.47489524,25 to 29
2020,2020,1,Male,30,2212P,Natural gas distribution,TRUE,TRUE,11610,30,34,78.41415642,30 to 34
2020,2020,1,Male,35,2212P,Natural gas distribution,TRUE,TRUE,12094,35,39,80.61054456,35 to 39
2020,2020,1,Male,40,2212P,Natural gas distribution,TRUE,TRUE,10109,40,44,81.64270716,40 to 44
2020,2020,1,Male,45,2212P,Natural gas distribution,TRUE,TRUE,9883,45,49,73.2562449,45 to 49
2020,2020,1,Male,50,2212P,Natural gas distribution,TRUE,TRUE,11805,50,54,76.12691043,50 to 54
2020,2020,1,Male,55,2212P,Natural gas distribution,TRUE,TRUE,11738,55,59,76.58880334,55 to 59
2020,2020,1,Male,60,2212P,Natural gas distribution,TRUE,TRUE,7599,60,64,75.49925484,60 to 64
2020,2020,1,Male,65,2212P,Natural gas distribution,TRUE,TRUE,2705,65,69,82.39415169,65 to 69
2020,2020,1,Male,70,2212P,Natural gas distribution,TRUE,TRUE,491,70,74,78.06041335,70 to 74
2020,2020,1,Male,75,2212P,Natural gas distribution,TRUE,TRUE,78,75,79,71.55963303,75 to 79
2020,2020,1,Male,84,2212P,Natural gas distribution,TRUE,TRUE,11,80,84,34.375,80 to 84
2020,2020,1,Male,85,2212P,Natural gas distribution,TRUE,TRUE,18,85,87,100,85 to 87
2019,2019,1,Male,16,2212P,Natural gas distribution,TRUE,TRUE,395,16,19,81.95020747,16 to 19
2019,2019,1,Male,20,2212P,Natural gas distribution,TRUE,TRUE,4782,20,24,84.27916814,20 to 24
2019,2019,1,Male,25,2212P,Natural gas distribution,TRUE,TRUE,10582,25,29,80.47148289,25 to 29
2019,2019,1,Male,30,2212P,Natural gas distribution,TRUE,TRUE,11401,30,34,77.68994889,30 to 34
2019,2019,1,Male,35,2212P,Natural gas distribution,TRUE,TRUE,11049,35,39,78.46186621,35 to 39
2019,2019,1,Male,40,2212P,Natural gas distribution,TRUE,TRUE,9885,40,44,81.55267717,40 to 44
2019,2019,1,Male,45,2212P,Natural gas distribution,TRUE,TRUE,10390,45,49,76.48704358,45 to 49
2019,2019,1,Male,50,2212P,Natural gas distribution,TRUE,TRUE,12114,50,54,77.32175911,50 to 54
2019,2019,1,Male,55,2212P,Natural gas distribution,TRUE,TRUE,10921,55,59,75.80869082,55 to 59
2019,2019,1,Male,60,2212P,Natural gas distribution,TRUE,TRUE,6701,60,64,72.64744146,60 to 64
2019,2019,1,Male,65,2212P,Natural gas distribution,TRUE,TRUE,2335,65,69,78.06753594,65 to 69
2019,2019,1,Male,70,2212P,Natural gas distribution,TRUE,TRUE,569,70,74,81.63558106,70 to 74
2019,2019,1,Male,75,2212P,Natural gas distribution,TRUE,TRUE,35,75,78,38.04347826,75 to 78
2019,2019,1,Male,80,2212P,Natural gas distribution,TRUE,TRUE,33,80,84,62.26415094,80 to 84
2019,2019,1,Male,85,2212P,Natural gas distribution,TRUE,TRUE,18,85,87,100,85 to 87
2018,2018,1,Male,16,2212P,Natural gas distribution,TRUE,TRUE,374,16,19,89.2601432,16 to 19
2018,2018,1,Male,20,2212P,Natural gas distribution,TRUE,TRUE,4388,20,24,82.79245283,20 to 24
2018,2018,1,Male,25,2212P,Natural gas distribution,TRUE,TRUE,9850,25,29,76.48109325,25 to 29
2018,2018,1,Male,30,2212P,Natural gas distribution,TRUE,TRUE,10854,30,34,76.71755725,30 to 34
2018,2018,1,Male,35,2212P,Natural gas distribution,TRUE,TRUE,10563,35,39,76.3995371,35 to 39
2018,2018,1,Male,40,2212P,Natural gas distribution,TRUE,TRUE,9669,40,44,78.80837884,40 to 44
2018,2018,1,Male,45,2212P,Natural gas distribution,TRUE,TRUE,10470,45,49,74.76969221,45 to 49
2018,2018,1,Male,50,2212P,Natural gas distribution,TRUE,TRUE,12204,50,54,76.95314963,50 to 54
2018,2018,1,Male,55,2212P,Natural gas distribution,TRUE,TRUE,11261,55,59,75.36978783,55 to 59
2018,2018,1,Male,60,2212P,Natural gas distribution,TRUE,TRUE,6397,60,64,72.26615454,60 to 64
2018,2018,1,Male,65,2212P,Natural gas distribution,TRUE,TRUE,2439,65,69,76.38584403,65 to 69
2018,2018,1,Male,70,2212P,Natural gas distribution,TRUE,TRUE,519,70,74,79.7235023,70 to 74
2018,2018,1,Male,75,2212P,Natural gas distribution,TRUE,TRUE,90,75,78,64.28571429,75 to 78
2018,2018,1,Male,80,2212P,Natural gas distribution,TRUE,TRUE,33,80,84,61.11111111,80 to 84
2018,2018,1,Male,85,2212P,Natural gas distribution,TRUE,TRUE,29,85,87,100,85 to 87
2017,2017,1,Male,18,2212P,Natural gas distribution,TRUE,TRUE,329,16,19,82.25,16 to 19
2017,2017,1,Male,20,2212P,Natural gas distribution,TRUE,TRUE,4140,20,24,79.41684251,20 to 24
2017,2017,1,Male,25,2212P,Natural gas distribution,TRUE,TRUE,9482,25,29,76.2034879,25 to 29
2017,2017,1,Male,30,2212P,Natural gas distribution,TRUE,TRUE,9886,30,34,75.1444208,30 to 34
2017,2017,1,Male,35,2212P,Natural gas distribution,TRUE,TRUE,10422,35,39,75.53816047,35 to 39
2017,2017,1,Male,40,2212P,Natural gas distribution,TRUE,TRUE,9901,40,44,76.62719604,40 to 44
2017,2017,1,Male,45,2212P,Natural gas distribution,TRUE,TRUE,10527,45,49,74.06078514,45 to 49
2017,2017,1,Male,50,2212P,Natural gas distribution,TRUE,TRUE,13510,50,54,77.12948162,50 to 54
2017,2017,1,Male,55,2212P,Natural gas distribution,TRUE,TRUE,11729,55,59,73.49918536,55 to 59
2017,2017,1,Male,60,2212P,Natural gas distribution,TRUE,TRUE,6097,60,64,69.99196418,60 to 64
2017,2017,1,Male,65,2212P,Natural gas distribution,TRUE,TRUE,1993,65,69,74.17193897,65 to 69
2017,2017,1,Male,70,2212P,Natural gas distribution,TRUE,TRUE,453,70,74,73.1825525,70 to 74
2017,2017,1,Male,75,2212P,Natural gas distribution,TRUE,TRUE,73,75,78,45.0617284,75 to 78
2017,2017,1,Male,80,2212P,Natural gas distribution,TRUE,TRUE,60,80,84,74.07407407,80 to 84
2017,2017,1,Male,85,2212P,Natural gas distribution,TRUE,TRUE,14,85,87,100,85 to 87
2016,2016,1,Male,18,2212P,Natural gas distribution,TRUE,TRUE,278,17,19,86.875,17 to 19
2016,2016,1,Male,20,2212P,Natural gas distribution,TRUE,TRUE,4065,20,24,78.67234372,20 to 24
2016,2016,1,Male,25,2212P,Natural gas distribution,TRUE,TRUE,8996,25,29,76.7053206,25 to 29
2016,2016,1,Male,30,2212P,Natural gas distribution,TRUE,TRUE,9378,30,34,75.90449211,30 to 34
2016,2016,1,Male,35,2212P,Natural gas distribution,TRUE,TRUE,9844,35,39,75.25418546,35 to 39
2016,2016,1,Male,40,2212P,Natural gas distribution,TRUE,TRUE,9056,40,44,74.30259271,40 to 44
2016,2016,1,Male,45,2212P,Natural gas distribution,TRUE,TRUE,11102,45,49,74.5951757,45 to 49
2016,2016,1,Male,50,2212P,Natural gas distribution,TRUE,TRUE,13610,50,54,76.96657807,50 to 54
2016,2016,1,Male,55,2212P,Natural gas distribution,TRUE,TRUE,11752,55,59,74.51179305,55 to 59
2016,2016,1,Male,60,2212P,Natural gas distribution,TRUE,TRUE,6007,60,64,72.39093758,60 to 64
2016,2016,1,Male,65,2212P,Natural gas distribution,TRUE,TRUE,1651,65,69,72.25382932,65 to 69
2016,2016,1,Male,70,2212P,Natural gas distribution,TRUE,TRUE,461,70,74,75.57377049,70 to 74
2016,2016,1,Male,75,2212P,Natural gas distribution,TRUE,TRUE,83,75,78,43.22916667,75 to 78
2016,2016,1,Male,80,2212P,Natural gas distribution,TRUE,TRUE,48,80,84,100,80 to 84
2016,2016,1,Male,85,2212P,Natural gas distribution,TRUE,TRUE,14,85,87,100,85 to 87
2015,2015,1,Male,18,2212P,Natural gas distribution,TRUE,TRUE,192,17,19,82.75862069,17 to 19
2015,2015,1,Male,20,2212P,Natural gas distribution,TRUE,TRUE,3823,20,24,77.13882163,20 to 24
2015,2015,1,Male,25,2212P,Natural gas distribution,TRUE,TRUE,8782,25,29,73.86659938,25 to 29
2015,2015,1,Male,30,2212P,Natural gas distribution,TRUE,TRUE,8713,30,34,74.44463431,30 to 34
2015,2015,1,Male,35,2212P,Natural gas distribution,TRUE,TRUE,9371,35,39,73.27390726,35 to 39
2015,2015,1,Male,40,2212P,Natural gas distribution,TRUE,TRUE,9938,40,44,74.39736487,40 to 44
2015,2015,1,Male,45,2212P,Natural gas distribution,TRUE,TRUE,11882,45,49,76.30362189,45 to 49
2015,2015,1,Male,50,2212P,Natural gas distribution,TRUE,TRUE,14063,50,54,76.99846693,50 to 54
2015,2015,1,Male,55,2212P,Natural gas distribution,TRUE,TRUE,12157,55,59,75.51400708,55 to 59
2015,2015,1,Male,60,2212P,Natural gas distribution,TRUE,TRUE,5661,60,64,73.29104091,60 to 64
2015,2015,1,Male,65,2212P,Natural gas distribution,TRUE,TRUE,1430,65,69,69.21587609,65 to 69
2015,2015,1,Male,70,2212P,Natural gas distribution,TRUE,TRUE,399,70,74,79.16666667,70 to 74
2015,2015,1,Male,75,2212P,Natural gas distribution,TRUE,TRUE,105,75,79,43.03278689,75 to 79
2015,2015,1,Male,80,2212P,Natural gas distribution,TRUE,TRUE,50,80,84,100,80 to 84
2015,2015,1,Male,85,2212P,Natural gas distribution,TRUE,TRUE,15,85,87,100,85 to 87
2014,2014,1,Male,18,2212P,Natural gas distribution,TRUE,TRUE,123,17,19,47.49034749,17 to 19
2014,2014,1,Male,20,2212P,Natural gas distribution,TRUE,TRUE,3555,20,24,76.02651839,20 to 24
2014,2014,1,Male,25,2212P,Natural gas distribution,TRUE,TRUE,8729,25,29,72.7537923,25 to 29
2014,2014,1,Male,30,2212P,Natural gas distribution,TRUE,TRUE,8458,30,34,74.8164529,30 to 34
2014,2014,1,Male,35,2212P,Natural gas distribution,TRUE,TRUE,9350,35,39,74.12398922,35 to 39
2014,2014,1,Male,40,2212P,Natural gas distribution,TRUE,TRUE,10193,40,44,74.03399187,40 to 44
2014,2014,1,Male,45,2212P,Natural gas distribution,TRUE,TRUE,12468,45,49,76.15906176,45 to 49
2014,2014,1,Male,50,2212P,Natural gas distribution,TRUE,TRUE,14617,50,54,75.75537704,50 to 54
2014,2014,1,Male,55,2212P,Natural gas distribution,TRUE,TRUE,12818,55,59,76.60311958,55 to 59
2014,2014,1,Male,60,2212P,Natural gas distribution,TRUE,TRUE,5379,60,64,73.12398042,60 to 64
2014,2014,1,Male,65,2212P,Natural gas distribution,TRUE,TRUE,1339,65,69,69.99477261,65 to 69
2014,2014,1,Male,70,2212P,Natural gas distribution,TRUE,TRUE,298,70,74,80.10752688,70 to 74
2014,2014,1,Male,75,2212P,Natural gas distribution,TRUE,TRUE,104,75,79,47.27272727,75 to 79
2014,2014,1,Male,84,2212P,Natural gas distribution,TRUE,TRUE,34,80,84,100,80 to 84
2014,2014,1,Male,85,2212P,Natural gas distribution,TRUE,TRUE,15,85,87,100,85 to 87