ID Industry Group,Industry Group,ID Year,Year,ID Workforce Status,Workforce Status,Average Wage,Slug Industry Group,Ranking,Shape,Type,Type ID
2212P,Natural gas distribution,2021,2021,TRUE,TRUE,86281.41849,natural-gas-distribution,35,Bar,Neighbors,2
2212P,Natural gas distribution,2020,2020,TRUE,TRUE,81508.71784,natural-gas-distribution,35,Bar,Neighbors,2
2212P,Natural gas distribution,2019,2019,TRUE,TRUE,79726.41656,natural-gas-distribution,35,Bar,Neighbors,2
2212P,Natural gas distribution,2018,2018,TRUE,TRUE,77958.02529,natural-gas-distribution,35,Bar,Neighbors,2
2212P,Natural gas distribution,2017,2017,TRUE,TRUE,75065.31728,natural-gas-distribution,36,Bar,Neighbors,2
2212P,Natural gas distribution,2016,2016,TRUE,TRUE,72986.08557,natural-gas-distribution,35,Bar,Neighbors,2
2212P,Natural gas distribution,2015,2015,TRUE,TRUE,70701.02712,natural-gas-distribution,35,Bar,Neighbors,2
2212P,Natural gas distribution,2014,2014,TRUE,TRUE,70312.5854,natural-gas-distribution,36,Bar,Neighbors,2